,Subject,FrameCounts
0,S06T01R01,3072
1,S06T02R01,729
2,S06T02R02,748
3,S06T02R03,758
4,S06T02R04,694
5,S06T02R05,698
6,S06T03R01,496
7,S06T03R02,553
8,S06T03R03,537
9,S06T03R04,601
10,S06T03R05,647
11,S06T04R01,288
12,S06T04R02,360
13,S06T04R03,332
14,S06T04R04,313
15,S06T04R05,410
16,S06T05R01,764
17,S06T05R02,916
18,S06T05R03,866
19,S06T05R04,891
20,S06T05R05,969
21,S06T06R01,1214
22,S06T06R02,1409
23,S06T06R03,1313
24,S06T06R04,1373
25,S06T06R05,1332
26,S06T07R01,904
27,S06T07R02,1057
28,S06T07R03,1095
29,S06T07R04,1041
30,S06T07R05,1115
31,S06T08R01,931
32,S06T08R02,999
33,S06T08R03,1044
34,S06T08R05,1068
35,S06T09R01,825
36,S06T09R02,801
37,S06T09R03,859
38,S06T09R04,881
39,S06T10R01,802
40,S06T10R02,712
41,S06T10R03,897
42,S06T10R04,888
43,S06T10R05,896
44,S06T11R01,3202
45,S06T12R01,3025
46,S06T13R01,619
47,S06T13R02,738
48,S06T13R03,750
49,S06T13R04,778
50,S06T13R05,793
51,S06T14R01,443
52,S06T14R02,664
53,S06T14R03,646
54,S06T14R04,621
55,S06T14R05,666
56,S06T15R01,320
57,S06T15R02,454
58,S06T15R03,475
59,S06T15R04,428
60,S06T15R05,506
61,S06T16R01,735
62,S06T16R02,848
63,S06T16R03,865
64,S06T16R04,780
65,S06T16R05,842
66,S06T17R01,3147
67,S06T18R01,882
68,S06T18R02,929
69,S06T18R03,916
70,S06T18R04,849
71,S06T18R05,888
72,S06T19R01,643
73,S06T19R02,739
74,S06T19R03,824
75,S06T19R04,795
76,S06T19R05,816
77,S06T20R01,536
78,S06T20R02,544
79,S06T20R03,530
80,S06T20R04,492
81,S06T20R05,471
82,S06T21R01,470
83,S06T21R02,448
84,S06T21R03,462
85,S06T21R04,467
86,S06T22R01,447
87,S06T22R02,533
88,S06T22R03,485
89,S06T22R04,502
90,S06T22R05,598
91,S06T23R01,453
92,S06T23R02,535
93,S06T23R03,623
94,S06T23R04,539
95,S06T23R05,587
96,S06T24R01,550
97,S06T24R02,497
98,S06T24R03,521
99,S06T24R04,581
100,S06T24R05,583
101,S06T25R02,479
102,S06T25R03,442
103,S06T25R04,433
104,S06T25R05,468
105,S06T26R01,443
106,S06T26R02,471
107,S06T26R03,525
108,S06T26R04,550
109,S06T26R05,559
110,S06T27R01,357
111,S06T27R02,363
112,S06T27R03,420
113,S06T27R04,459
114,S06T27R05,473
115,S06T28R01,677
116,S06T28R02,704
117,S06T28R03,694
118,S06T28R04,686
119,S06T28R05,682
120,S06T29R01,788
121,S06T29R02,769
122,S06T29R03,788
123,S06T29R04,850
124,S06T30R01,602
125,S06T30R02,632
126,S06T30R03,644
127,S06T30R04,637
128,S06T30R05,635
129,S06T31R01,583
130,S06T31R02,642
131,S06T31R03,647
132,S06T31R04,568
133,S06T31R05,565
134,S06T32R01,651
135,S06T32R02,652
136,S06T32R03,646
137,S06T32R04,715
138,S06T32R05,576
139,S06T33R01,637
140,S06T33R02,617
141,S06T33R04,606
142,S06T33R05,606
143,S06T34R01,744
144,S06T34R02,786
145,S06T34R03,817
146,S06T34R04,719
147,S06T34R05,677
148,S06T35R01,1225
149,S06T35R02,1305
150,S06T35R04,1368
151,S06T36R01,802
152,S06T36R02,820
153,S06T36R03,944
154,S06T36R04,809
155,S06T36R05,926
156,S07T01R01,3104
157,S07T02R01,760
158,S07T02R02,629
159,S07T02R03,530
160,S07T02R04,495
161,S07T02R05,487
162,S07T02R06,541
163,S07T03R01,276
164,S07T03R02,384
165,S07T03R03,380
166,S07T03R04,365
167,S07T03R05,383
168,S07T04R02,414
169,S07T04R03,366
170,S07T04R04,328
171,S07T04R05,343
172,S07T05R01,821
173,S07T05R02,1015
174,S07T05R03,950
175,S07T05R04,904
176,S07T05R05,1028
177,S07T06R01,1043
178,S07T06R02,1296
179,S07T06R03,1283
180,S07T06R04,1286
181,S07T06R05,1253
182,S07T07R01,885
183,S07T07R02,1006
184,S07T07R03,1114
185,S07T07R04,1085
186,S07T07R05,1086
187,S07T08R01,763
188,S07T08R02,911
189,S07T08R03,966
190,S07T08R04,930
191,S07T08R05,998
192,S07T09R01,662
193,S07T09R02,864
194,S07T09R03,907
195,S07T09R04,876
196,S07T10R01,647
197,S07T10R02,815
198,S07T10R03,855
199,S07T10R04,907
200,S07T10R05,797
201,S07T11R01,3043
202,S07T12R01,3054
203,S07T13R01,870
204,S07T13R02,787
205,S07T13R03,836
206,S07T13R04,841
207,S07T13R05,998
208,S07T14R02,659
209,S07T14R03,669
210,S07T14R04,746
211,S07T15R01,491
212,S07T15R02,519
213,S07T15R03,530
214,S07T15R04,537
215,S07T15R05,501
216,S07T15R06,663
217,S07T16R01,787
218,S07T16R02,855
219,S07T16R03,820
220,S07T16R04,786
221,S07T16R05,819
222,S07T17R01,3310
223,S07T18R01,949
224,S07T18R02,1079
225,S07T18R03,1145
226,S07T18R04,1013
227,S07T18R05,1164
228,S07T19R01,881
229,S07T19R02,991
230,S07T19R03,1095
231,S07T19R04,999
232,S07T19R05,1109
233,S07T20R01,589
234,S07T20R02,686
235,S07T20R03,720
236,S07T20R04,684
237,S07T20R05,628
238,S07T21R01,517
239,S07T21R02,582
240,S07T21R03,563
241,S07T21R04,672
242,S07T21R05,558
243,S07T22R01,580
244,S07T22R02,535
245,S07T22R03,694
246,S07T22R04,637
247,S07T22R05,619
248,S07T23R01,604
249,S07T23R02,608
250,S07T23R03,734
251,S07T23R04,656
252,S07T23R05,668
253,S07T24R01,652
254,S07T24R02,607
255,S07T24R03,572
256,S07T24R04,552
257,S07T24R05,563
258,S07T25R01,679
259,S07T25R03,547
260,S07T25R04,560
261,S07T25R05,443
262,S07T25R06,573
263,S07T26R01,559
264,S07T26R02,599
265,S07T26R03,584
266,S07T26R04,595
267,S07T26R05,568
268,S07T27R04,513
269,S07T28R01,710
270,S07T28R02,766
271,S07T28R03,699
272,S07T28R04,761
273,S07T28R05,816
274,S07T29R02,835
275,S07T29R03,941
276,S07T29R05,816
277,S07T29R06,1037
278,S07T30R06,790
279,S07T31R02,689
280,S07T31R03,847
281,S07T31R04,699
282,S07T31R05,715
283,S07T32R01,822
284,S07T32R02,843
285,S07T32R03,847
286,S07T32R04,926
287,S07T32R05,909
288,S07T33R01,928
289,S07T33R02,934
290,S07T33R03,860
291,S07T33R04,930
292,S07T33R05,814
293,S07T34R01,986
294,S07T34R02,961
295,S07T34R03,932
296,S07T34R04,874
297,S07T34R05,887
298,S07T35R01,1348
299,S07T35R02,1423
300,S07T35R04,1281
301,S07T35R05,1246
302,S07T36R01,1027
303,S07T36R02,1055
304,S07T36R03,1127
305,S07T36R04,1072
306,S08T01R01,3084
307,S08T02R01,659
308,S08T02R02,651
309,S08T02R03,656
310,S08T02R04,705
311,S08T02R05,630
312,S08T02R06,737
313,S08T03R01,446
314,S08T03R02,517
315,S08T03R03,539
316,S08T03R04,520
317,S08T03R05,638
318,S08T04R01,381
319,S08T04R02,526
320,S08T04R03,498
321,S08T04R04,472
322,S08T04R05,613
323,S08T05R01,745
324,S08T05R02,766
325,S08T05R03,778
326,S08T05R04,800
327,S08T05R05,939
328,S08T06R01,1087
329,S08T06R02,1151
330,S08T06R03,1195
331,S08T06R04,1144
332,S08T06R05,1201
333,S08T07R01,784
334,S08T07R02,887
335,S08T07R03,922
336,S08T07R04,896
337,S08T08R01,800
338,S08T08R02,914
339,S08T08R03,924
340,S08T08R04,893
341,S08T08R05,919
342,S08T09R01,612
343,S08T09R02,726
344,S08T09R03,719
345,S08T09R04,732
346,S08T09R05,809
347,S08T10R01,666
348,S08T10R02,820
349,S08T10R03,797
350,S08T10R04,843
351,S08T10R05,837
352,S08T11R01,3137
353,S08T12R01,3093
354,S08T13R01,1264
355,S08T13R02,711
356,S08T13R03,638
357,S08T13R04,630
358,S08T13R05,659
359,S08T14R01,577
360,S08T14R02,653
361,S08T14R03,666
362,S08T14R04,649
363,S08T14R05,651
364,S08T14R06,666
365,S08T15R01,553
366,S08T15R02,813
367,S08T15R03,773
368,S08T15R04,633
369,S08T15R05,622
370,S08T15R06,786
371,S08T16R01,706
372,S08T16R02,699
373,S08T16R03,693
374,S08T16R04,791
375,S08T17R01,3116
376,S08T18R01,805
377,S08T18R02,900
378,S08T18R03,899
379,S08T18R04,893
380,S08T18R05,923
381,S08T19R01,556
382,S08T19R02,635
383,S08T19R03,644
384,S08T19R04,621
385,S08T19R05,648
386,S08T20R02,601
387,S08T20R03,583
388,S08T20R04,579
389,S08T20R05,587
390,S08T20R06,611
391,S08T21R01,523
392,S08T21R02,507
393,S08T21R03,506
394,S08T21R04,531
395,S08T21R05,505
396,S08T22R01,578
397,S08T22R02,585
398,S08T22R03,555
399,S08T22R04,586
400,S08T22R05,572
401,S08T23R01,541
402,S08T23R02,609
403,S08T23R03,605
404,S08T23R04,608
405,S08T23R05,591
406,S08T24R01,602
407,S08T24R02,593
408,S08T24R03,603
409,S08T24R04,600
410,S08T24R05,620
411,S08T25R01,622
412,S08T25R02,580
413,S08T25R03,579
414,S08T25R04,558
415,S08T25R05,575
416,S08T26R01,576
417,S08T26R02,619
418,S08T26R03,603
419,S08T26R04,578
420,S08T26R05,630
421,S08T27R01,484
422,S08T27R02,462
423,S08T27R03,526
424,S08T27R04,517
425,S08T27R05,491
426,S08T28R01,847
427,S08T28R02,785
428,S08T28R03,792
429,S08T28R04,752
430,S08T28R05,784
431,S08T29R01,970
432,S08T29R02,962
433,S08T29R03,911
434,S08T29R04,873
435,S08T29R05,918
436,S08T30R01,732
437,S08T30R02,753
438,S08T30R03,698
439,S08T30R04,712
440,S08T30R05,667
441,S08T31R01,614
442,S08T31R02,648
443,S08T31R03,641
444,S08T31R04,621
445,S08T31R05,632
446,S08T32R01,759
447,S08T32R02,682
448,S08T32R03,712
449,S08T32R04,685
450,S08T32R05,726
451,S08T33R01,762
452,S08T33R02,655
453,S08T33R03,729
454,S08T33R04,777
455,S08T33R05,728
456,S08T34R01,825
457,S08T34R02,776
458,S08T34R04,854
459,S08T34R05,854
460,S08T35R01,1028
461,S08T35R02,1100
462,S08T35R03,1077
463,S08T35R04,1080
464,S08T35R05,1097
465,S08T36R01,708
466,S08T36R02,774
467,S08T36R03,796
468,S08T36R05,862
469,S09T01R01,3096
470,S09T02R01,741
471,S09T02R02,826
472,S09T02R03,779
473,S09T02R04,734
474,S09T02R05,770
475,S09T03R01,490
476,S09T03R02,597
477,S09T03R03,589
478,S09T03R04,567
479,S09T03R05,729
480,S09T04R01,364
481,S09T04R02,448
482,S09T04R03,484
483,S09T04R04,494
484,S09T04R05,567
485,S09T05R01,952
486,S09T05R02,1144
487,S09T05R03,1094
488,S09T05R04,1141
489,S09T05R05,994
490,S09T06R01,1114
491,S09T06R02,1245
492,S09T06R03,1285
493,S09T06R04,1215
494,S09T07R01,843
495,S09T07R02,964
496,S09T07R03,1014
497,S09T07R05,1133
498,S09T08R01,851
499,S09T08R02,909
500,S09T08R03,951
501,S09T08R04,935
502,S09T08R05,976
503,S09T09R01,612
504,S09T09R02,809
505,S09T09R03,795
506,S09T09R04,865
507,S09T09R05,804
508,S09T10R01,689
509,S09T10R02,837
510,S09T10R03,787
511,S09T10R04,822
512,S09T10R05,750
513,S09T11R01,3073
514,S09T12R01,3237
515,S09T13R01,730
516,S09T13R02,747
517,S09T13R03,733
518,S09T13R04,759
519,S09T13R05,806
520,S09T14R01,456
521,S09T14R02,627
522,S09T14R03,603
523,S09T14R04,691
524,S09T14R05,625
525,S09T15R01,493
526,S09T15R02,609
527,S09T15R03,600
528,S09T15R04,619
529,S09T15R05,763
530,S09T16R01,775
531,S09T16R02,789
532,S09T16R03,802
533,S09T16R04,877
534,S09T16R05,768
535,S09T17R01,3076
536,S09T18R01,1039
537,S09T20R02,690
538,S09T20R03,622
539,S09T20R04,618
540,S09T20R05,624
541,S09T20R06,630
542,S09T21R01,580
543,S09T21R02,575
544,S09T21R03,550
545,S09T21R04,559
546,S09T21R05,585
547,S09T22R01,694
548,S09T22R02,637
549,S09T22R03,566
550,S09T22R04,704
551,S09T22R05,622
552,S09T23R01,563
553,S09T23R02,561
554,S09T23R03,588
555,S09T23R04,580
556,S09T23R05,599
557,S09T24R01,545
558,S09T24R02,610
559,S09T24R03,560
560,S09T24R04,526
561,S09T24R05,595
562,S09T25R01,548
563,S09T25R02,514
564,S09T25R03,516
565,S09T25R04,543
566,S09T25R05,516
567,S09T26R01,498
568,S09T26R02,525
569,S09T26R03,594
570,S09T26R04,536
571,S09T26R05,528
572,S09T27R01,538
573,S09T27R02,513
574,S09T27R03,554
575,S09T27R04,458
576,S09T27R05,512
577,S09T28R01,748
578,S09T28R02,793
579,S09T28R03,773
580,S09T28R04,779
581,S09T28R05,772
582,S09T29R01,810
583,S09T29R02,882
584,S09T29R03,843
585,S09T29R04,790
586,S09T29R05,811
587,S09T30R01,667
588,S09T30R02,682
589,S09T30R03,679
590,S09T30R04,661
591,S09T30R05,728
592,S09T31R01,582
593,S09T31R02,651
594,S09T31R03,621
595,S09T31R04,619
596,S09T31R05,603
597,S09T32R01,660
598,S09T32R02,658
599,S09T32R03,602
600,S09T32R04,632
601,S09T32R05,754
602,S09T33R01,706
603,S09T33R02,619
604,S09T33R03,617
605,S09T33R04,668
606,S09T33R05,633
607,S09T34R01,746
608,S09T34R02,804
609,S09T34R03,751
610,S09T34R04,750
611,S09T34R05,781
612,S09T35R01,939
613,S09T35R02,1107
614,S09T35R03,1141
615,S09T35R04,1010
616,S09T35R05,1172
617,S09T36R01,708
618,S09T36R02,715
619,S09T36R03,810
620,S09T36R04,859
621,S09T36R05,857
622,S10T01R01,3170
623,S10T02R01,570
624,S10T02R02,819
625,S10T02R03,822
626,S10T02R04,851
627,S10T02R05,765
628,S10T03R01,526
629,S10T03R02,626
630,S10T03R03,615
631,S10T03R04,990
632,S10T04R01,286
633,S10T04R02,379
634,S10T04R03,361
635,S10T04R04,393
636,S10T04R05,370
637,S10T05R01,962
638,S10T05R02,1039
639,S10T05R03,1034
640,S10T05R04,1131
641,S10T05R05,936
642,S10T06R01,1301
643,S10T06R02,1317
644,S10T06R04,1272
645,S10T06R05,1294
646,S10T07R01,916
647,S10T07R02,967
648,S10T07R03,998
649,S10T07R04,956
650,S10T07R05,1058
651,S10T08R01,773
652,S10T08R02,883
653,S10T08R03,876
654,S10T08R04,819
655,S10T08R05,886
656,S10T09R01,510
657,S10T09R02,776
658,S10T09R03,755
659,S10T09R04,757
660,S10T10R01,679
661,S10T10R02,706
662,S10T10R03,794
663,S10T10R04,730
664,S10T10R05,742
665,S10T11R01,3107
666,S10T12R01,3090
667,S10T13R01,637
668,S10T13R02,707
669,S10T13R03,709
670,S10T13R04,722
671,S10T13R05,648
672,S10T14R01,480
673,S10T14R02,521
674,S10T14R03,552
675,S10T14R04,593
676,S10T14R05,641
677,S10T15R01,475
678,S10T15R02,628
679,S10T15R03,590
680,S10T15R04,628
681,S10T15R05,533
682,S10T16R01,950
683,S10T16R02,934
684,S10T16R03,879
685,S10T16R04,862
686,S10T16R05,884
687,S10T17R01,3295
688,S10T18R01,925
689,S10T18R02,908
690,S10T18R03,962
691,S10T18R04,926
692,S10T18R05,936
693,S10T19R01,595
694,S10T19R02,710
695,S10T19R03,729
696,S10T19R04,704
697,S10T19R05,756
698,S10T20R01,530
699,S10T20R02,535
700,S10T20R03,527
701,S10T20R04,534
702,S10T20R05,569
703,S10T21R01,552
704,S10T21R02,810
705,S10T21R03,688
706,S10T21R04,699
707,S10T21R05,722
708,S10T22R01,546
709,S10T22R02,567
710,S10T22R03,553
711,S10T22R04,571
712,S10T22R05,582
713,S10T23R01,607
714,S10T23R02,640
715,S10T23R03,648
716,S10T23R04,661
717,S10T23R05,653
718,S10T24R01,634
719,S10T24R02,651
720,S10T24R03,604
721,S10T24R04,614
722,S10T24R05,617
723,S10T25R01,533
724,S10T25R02,536
725,S10T25R03,615
726,S10T25R04,629
727,S10T25R05,669
728,S10T25R06,662
729,S10T26R01,555
730,S10T26R02,588
731,S10T26R03,564
732,S10T26R04,611
733,S10T26R05,554
734,S10T27R01,623
735,S10T27R02,661
736,S10T27R03,631
737,S10T27R04,657
738,S10T27R05,651
739,S10T28R01,819
740,S10T28R02,976
741,S10T28R03,930
742,S10T28R04,840
743,S10T28R05,911
744,S10T29R01,936
745,S10T29R02,950
746,S10T29R03,1041
747,S10T29R04,999
748,S10T29R05,990
749,S10T30R01,736
750,S10T30R02,815
751,S10T30R03,762
752,S10T30R04,775
753,S10T30R05,715
754,S10T31R01,574
755,S10T31R03,678
756,S10T31R04,621
757,S10T31R05,629
758,S10T32R01,616
759,S10T32R02,689
760,S10T32R03,734
761,S10T32R04,676
762,S10T32R05,726
763,S10T33R01,730
764,S10T33R02,711
765,S10T33R03,718
766,S10T33R04,731
767,S10T33R05,689
768,S10T34R01,783
769,S10T34R02,773
770,S10T34R03,722
771,S10T34R04,734
772,S10T34R05,714
773,S10T35R01,1039
774,S10T35R02,1079
775,S10T35R03,1086
776,S10T35R04,1116
777,S10T35R05,1176
778,S10T36R01,805
779,S10T36R02,859
780,S10T36R03,898
781,S11T01R01,3139
782,S11T02R01,824
783,S11T02R03,759
784,S11T02R04,789
785,S11T03R01,490
786,S11T03R02,576
787,S11T03R03,601
788,S11T03R04,570
789,S11T03R05,680
790,S11T04R01,362
791,S11T04R02,435
792,S11T04R03,438
793,S11T04R04,423
794,S11T04R05,456
795,S11T05R01,882
796,S11T05R02,964
797,S11T05R03,994
798,S11T05R04,911
799,S11T05R05,915
800,S11T06R01,1326
801,S11T06R02,1382
802,S11T06R03,1361
803,S11T06R04,1267
804,S11T06R05,1343
805,S11T07R01,941
806,S11T07R02,1106
807,S11T07R03,1138
808,S11T07R04,1064
809,S11T07R05,1085
810,S11T08R01,1001
811,S11T08R02,1041
812,S11T08R03,1074
813,S11T08R04,1084
814,S11T08R05,1125
815,S11T09R01,830
816,S11T09R02,887
817,S11T09R03,914
818,S11T09R04,877
819,S11T09R05,973
820,S11T10R01,762
821,S11T10R02,783
822,S11T10R03,814
823,S11T10R04,783
824,S11T10R05,870
825,S11T11R01,3154
826,S11T12R01,3234
827,S11T13R01,744
828,S11T13R02,824
829,S11T13R03,851
830,S11T13R04,821
831,S11T13R05,794
832,S11T14R01,663
833,S11T14R02,698
834,S11T14R03,695
835,S11T14R04,796
836,S11T14R05,710
837,S11T15R01,569
838,S11T15R02,594
839,S11T15R03,657
840,S11T15R04,535
841,S11T15R05,644
842,S11T16R01,733
843,S11T16R02,847
844,S11T16R03,789
845,S11T16R04,804
846,S11T16R05,864
847,S11T17R01,3161
848,S11T18R01,1003
849,S11T18R02,1006
850,S11T18R03,1127
851,S11T18R04,999
852,S11T18R05,1228
853,S11T19R01,681
854,S11T19R02,755
855,S11T19R03,838
856,S11T19R04,789
857,S11T19R05,824
858,S11T20R01,588
859,S11T20R02,513
860,S11T20R03,571
861,S11T20R04,527
862,S11T20R05,512
863,S11T21R01,647
864,S11T21R02,748
865,S11T21R03,616
866,S11T21R04,606
867,S11T21R05,656
868,S11T22R01,543
869,S11T22R02,515
870,S11T22R03,584
871,S11T22R04,596
872,S11T22R05,617
873,S11T22R06,618
874,S11T23R01,693
875,S11T23R02,752
876,S11T23R03,680
877,S11T23R04,643
878,S11T23R05,669
879,S11T24R01,615
880,S11T24R02,587
881,S11T24R03,599
882,S11T24R04,623
883,S11T24R05,591
884,S11T25R01,632
885,S11T25R02,674
886,S11T25R03,700
887,S11T25R04,717
888,S11T26R01,646
889,S11T26R02,577
890,S11T26R03,659
891,S11T26R04,741
892,S11T26R05,730
893,S11T27R01,590
894,S11T27R02,597
895,S11T27R03,577
896,S11T27R04,594
897,S11T27R05,632
898,S11T27R06,608
899,S11T27R07,578
900,S11T28R01,836
901,S11T28R03,773
902,S11T28R04,837
903,S11T28R05,721
904,S11T29R01,913
905,S11T29R02,899
906,S11T29R03,868
907,S11T29R04,886
908,S11T29R05,947
909,S11T30R01,828
910,S11T30R02,738
911,S11T30R03,714
912,S11T30R04,728
913,S11T30R05,709
914,S11T31R01,611
915,S11T31R02,649
916,S11T31R03,513
917,S11T31R04,626
918,S11T31R05,583
919,S11T31R06,657
920,S11T32R01,688
921,S11T32R02,698
922,S11T32R03,667
923,S11T32R04,664
924,S11T32R05,694
925,S11T33R01,693
926,S11T33R02,736
927,S11T33R03,665
928,S11T33R04,693
929,S11T33R05,643
930,S11T34R01,799
931,S11T34R02,830
932,S11T34R03,808
933,S11T34R04,852
934,S11T34R05,854
935,S11T35R01,1148
936,S11T35R02,1304
937,S11T35R03,1011
938,S11T35R05,1027
939,S11T36R01,766
940,S11T36R02,915
941,S11T36R03,826
942,S11T36R04,868
943,S11T36R05,845
944,S12T01R01,2822
945,S12T02R01,591
946,S12T02R02,652
947,S12T02R03,661
948,S12T02R04,636
949,S12T02R05,756
950,S12T03R01,405
951,S12T03R02,508
952,S12T03R03,473
953,S12T03R04,452
954,S12T03R05,584
955,S12T04R01,275
956,S12T04R02,316
957,S12T04R03,314
958,S12T04R04,329
959,S12T04R05,386
960,S12T05R01,697
961,S12T05R02,681
962,S12T05R03,679
963,S12T05R04,700
964,S12T05R05,804
965,S12T06R01,1321
966,S12T06R02,1191
967,S12T06R03,1270
968,S12T06R04,1156
969,S12T06R05,1228
970,S12T07R01,756
971,S12T07R02,914
972,S12T07R03,839
973,S12T07R04,840
974,S12T07R05,1000
975,S12T08R01,686
976,S12T08R02,760
977,S12T08R03,736
978,S12T08R04,836
979,S12T09R02,676
980,S12T09R04,750
981,S12T10R01,748
982,S12T10R02,612
983,S12T10R03,594
984,S12T10R04,598
985,S12T10R05,773
986,S12T11R01,3096
987,S12T12R01,3084
988,S12T14R01,340
989,S12T17R02,3067
990,S12T18R01,682
991,S12T18R02,683
992,S12T18R03,671
993,S12T18R04,682
994,S12T18R05,774
995,S12T19R01,486
996,S12T19R02,546
997,S12T19R03,608
998,S12T19R04,581
999,S12T19R05,780
1000,S12T20R01,731
1001,S12T20R02,692
1002,S12T20R03,705
1003,S12T20R04,713
1004,S12T20R05,624
1005,S12T21R01,629
1006,S12T21R02,751
1007,S12T21R03,591
1008,S12T21R04,591
1009,S12T21R05,605
1010,S12T21R06,594
1011,S12T22R01,632
1012,S12T22R02,590
1013,S12T22R03,693
1014,S12T22R04,685
1015,S12T22R05,645
1016,S12T23R01,658
1017,S12T23R02,639
1018,S12T23R03,684
1019,S12T23R04,593
1020,S12T23R05,618
1021,S12T24R01,822
1022,S12T24R02,659
1023,S12T24R03,679
1024,S12T24R04,693
1025,S12T24R05,652
1026,S12T25R01,648
1027,S12T25R02,642
1028,S12T25R03,634
1029,S12T25R04,633
1030,S12T25R05,605
1031,S12T26R01,664
1032,S12T26R02,591
1033,S12T26R03,593
1034,S12T26R04,684
1035,S12T26R05,599
1036,S12T27R01,629
1037,S12T27R02,656
1038,S12T27R03,629
1039,S12T27R04,649
1040,S12T27R05,606
1041,S12T28R01,732
1042,S12T28R02,656
1043,S12T28R03,661
1044,S12T28R04,652
1045,S12T28R05,662
1046,S12T29R01,792
1047,S12T29R02,725
1048,S12T29R03,690
1049,S12T29R04,751
1050,S12T29R05,739
1051,S12T30R01,603
1052,S12T30R02,618
1053,S12T30R03,636
1054,S12T30R04,669
1055,S12T30R05,658
1056,S12T31R01,558
1057,S12T31R02,552
1058,S12T31R03,531
1059,S12T31R04,546
1060,S12T31R05,574
1061,S12T32R01,593
1062,S12T32R02,629
1063,S12T32R03,611
1064,S12T32R04,576
1065,S12T32R05,584
1066,S12T32R06,589
1067,S12T33R01,644
1068,S12T33R02,558
1069,S12T33R03,544
1070,S12T33R04,613
1071,S12T33R05,604
1072,S12T34R01,721
1073,S12T34R02,686
1074,S12T34R03,762
1075,S12T34R04,758
1076,S12T34R05,589
1077,S12T35R01,1096
1078,S12T35R02,1083
1079,S12T35R04,1045
1080,S12T35R05,1145
1081,S12T36R01,825
1082,S12T36R02,767
1083,S12T36R03,807
1084,S12T36R04,772
1085,S12T36R05,885
1086,S13T01R01,3022
1087,S13T02R01,587
1088,S13T02R02,693
1089,S13T02R03,675
1090,S13T02R04,699
1091,S13T02R05,853
1092,S13T03R01,461
1093,S13T03R02,543
1094,S13T03R03,532
1095,S13T03R04,538
1096,S13T03R05,568
1097,S13T04R01,303
1098,S13T04R02,412
1099,S13T04R03,400
1100,S13T04R04,414
1101,S13T04R05,488
1102,S13T05R01,717
1103,S13T05R02,814
1104,S13T05R03,872
1105,S13T05R04,902
1106,S13T06R01,1290
1107,S13T06R02,1279
1108,S13T06R04,1270
1109,S13T06R05,1335
1110,S13T07R01,927
1111,S13T07R02,964
1112,S13T07R03,982
1113,S13T07R04,1005
1114,S13T07R05,1064
1115,S13T08R01,764
1116,S13T08R02,927
1117,S13T08R03,918
1118,S13T08R04,970
1119,S13T08R05,1042
1120,S13T09R01,646
1121,S13T09R02,702
1122,S13T09R03,769
1123,S13T09R04,719
1124,S13T09R05,892
1125,S13T10R01,602
1126,S13T10R02,691
1127,S13T10R03,713
1128,S13T10R04,692
1129,S13T10R05,818
1130,S13T11R01,3065
1131,S13T12R01,3123
1132,S13T13R01,587
1133,S13T13R02,699
1134,S13T13R03,715
1135,S13T13R04,726
1136,S13T13R05,775
1137,S13T14R01,501
1138,S13T14R02,541
1139,S13T14R03,583
1140,S13T14R04,567
1141,S13T14R05,659
1142,S13T15R01,506
1143,S13T15R02,580
1144,S13T15R03,513
1145,S13T15R04,853
1146,S13T16R01,671
1147,S13T16R02,747
1148,S13T16R03,734
1149,S13T16R04,777
1150,S13T16R05,861
1151,S13T17R01,3052
1152,S13T18R01,835
1153,S13T18R02,904
1154,S13T18R03,1035
1155,S13T18R04,1073
1156,S13T18R05,1164
1157,S13T19R01,706
1158,S13T19R02,827
1159,S13T19R03,890
1160,S13T19R04,888
1161,S13T19R05,949
1162,S13T20R01,657
1163,S13T20R02,702
1164,S13T20R03,685
1165,S13T20R04,714
1166,S13T20R06,634
1167,S13T21R01,676
1168,S13T21R02,702
1169,S13T21R03,758
1170,S13T21R04,695
1171,S13T21R05,750
1172,S13T22R01,706
1173,S13T22R02,743
1174,S13T22R03,817
1175,S13T22R04,735
1176,S13T22R05,750
1177,S13T23R01,787
1178,S13T23R02,754
1179,S13T23R03,772
1180,S13T23R04,794
1181,S13T23R05,767
1182,S13T24R01,747
1183,S13T24R02,778
1184,S13T24R03,760
1185,S13T24R04,815
1186,S13T24R05,745
1187,S13T25R01,790
1188,S13T25R02,747
1189,S13T25R04,794
1190,S13T25R05,802
1191,S13T25R06,794
1192,S13T26R01,745
1193,S13T26R02,763
1194,S13T26R03,778
1195,S13T26R04,787
1196,S13T26R05,816
1197,S13T27R01,657
1198,S13T27R02,711
1199,S13T27R03,722
1200,S13T27R04,805
1201,S13T27R05,771
1202,S13T28R01,744
1203,S13T28R02,732
1204,S13T28R03,657
1205,S13T28R04,907
1206,S13T28R05,752
1207,S13T29R01,810
1208,S13T29R02,856
1209,S13T29R03,806
1210,S13T29R04,808
1211,S13T29R05,809
1212,S13T30R01,646
1213,S13T30R02,668
1214,S13T30R03,685
1215,S13T30R04,692
1216,S13T30R05,739
1217,S13T31R01,623
1218,S13T31R02,614
1219,S13T31R03,642
1220,S13T31R04,644
1221,S13T31R05,613
1222,S13T32R01,656
1223,S13T32R02,722
1224,S13T32R03,688
1225,S13T32R04,727
1226,S13T32R05,678
1227,S13T33R01,707
1228,S13T33R02,714
1229,S13T33R03,678
1230,S13T33R04,668
1231,S13T33R05,695
1232,S13T34R01,785
1233,S13T34R02,785
1234,S13T34R03,740
1235,S13T34R04,699
1236,S13T34R05,741
1237,S13T35R01,900
1238,S13T35R02,960
1239,S13T35R03,955
1240,S13T35R04,969
1241,S13T35R05,1023
1242,S13T36R01,829
1243,S13T36R02,860
1244,S13T36R03,937
1245,S13T36R04,870
1246,S14T01R01,3089
1247,S14T02R01,623
1248,S14T02R02,797
1249,S14T02R03,682
1250,S14T02R04,651
1251,S14T02R05,776
1252,S14T03R01,357
1253,S14T03R02,458
1254,S14T03R03,473
1255,S14T03R04,448
1256,S14T03R05,411
1257,S14T04R01,276
1258,S14T04R02,352
1259,S14T04R03,336
1260,S14T04R04,396
1261,S14T04R05,346
1262,S14T04R06,344
1263,S14T05R01,1001
1264,S14T05R02,934
1265,S14T05R03,942
1266,S14T05R04,901
1267,S14T05R05,874
1268,S14T06R01,1424
1269,S14T06R02,1393
1270,S14T06R03,1488
1271,S14T06R04,1330
1272,S14T06R05,1449
1273,S14T07R01,842
1274,S14T07R02,908
1275,S14T07R03,889
1276,S14T07R04,916
1277,S14T07R05,953
1278,S14T08R01,1001
1279,S14T08R02,1000
1280,S14T08R03,918
1281,S14T08R04,992
1282,S14T08R05,1031
1283,S14T09R01,687
1284,S14T09R02,719
1285,S14T09R03,750
1286,S14T09R04,753
1287,S14T09R05,823
1288,S14T10R01,663
1289,S14T10R02,735
1290,S14T10R03,709
1291,S14T10R04,644
1292,S14T10R05,782
1293,S14T11R01,3081
1294,S14T12R01,3077
1295,S14T13R01,654
1296,S14T13R02,651
1297,S14T13R03,651
1298,S14T13R04,664
1299,S14T13R05,702
1300,S14T14R01,419
1301,S14T14R02,535
1302,S14T14R03,507
1303,S14T14R04,547
1304,S14T14R05,490
1305,S14T14R06,526
1306,S14T15R01,401
1307,S14T15R02,540
1308,S14T15R03,526
1309,S14T15R04,463
1310,S14T15R05,545
1311,S14T16R01,631
1312,S14T16R02,646
1313,S14T16R03,573
1314,S14T16R04,605
1315,S14T16R05,699
1316,S14T17R02,3120
1317,S14T18R01,827
1318,S14T18R02,877
1319,S14T18R03,834
1320,S14T18R04,907
1321,S14T18R05,1007
1322,S14T19R01,579
1323,S14T19R02,536
1324,S14T19R03,591
1325,S14T19R04,591
1326,S14T19R05,707
1327,S14T20R01,627
1328,S14T20R02,625
1329,S14T20R03,571
1330,S14T20R04,554
1331,S14T20R05,634
1332,S14T21R01,595
1333,S14T21R02,618
1334,S14T21R03,650
1335,S14T21R04,605
1336,S14T21R05,645
1337,S14T22R01,641
1338,S14T22R02,640
1339,S14T22R03,712
1340,S14T22R04,684
1341,S14T22R05,678
1342,S14T22R06,694
1343,S14T22R07,648
1344,S14T23R01,694
1345,S14T23R02,691
1346,S14T23R03,704
1347,S14T23R04,681
1348,S14T23R05,714
1349,S14T24R01,698
1350,S14T24R02,726
1351,S14T24R03,715
1352,S14T24R04,683
1353,S14T24R05,716
1354,S14T25R02,715
1355,S14T25R03,654
1356,S14T25R04,647
1357,S14T25R05,693
1358,S14T25R06,705
1359,S14T26R01,620
1360,S14T26R06,760
1361,S14T27R01,709
1362,S14T27R02,665
1363,S14T27R03,653
1364,S14T27R06,677
1365,S14T28R01,781
1366,S14T28R02,696
1367,S14T28R03,711
1368,S14T28R04,636
1369,S14T28R05,654
1370,S14T29R01,960
1371,S14T29R03,923
1372,S14T29R04,1076
1373,S14T29R05,1031
1374,S14T30R01,659
1375,S14T30R02,681
1376,S14T30R03,687
1377,S14T30R04,669
1378,S14T30R05,655
1379,S14T31R02,627
1380,S14T31R03,652
1381,S14T31R04,650
1382,S14T31R05,628
1383,S14T31R06,635
1384,S14T32R01,626
1385,S14T32R02,628
1386,S14T32R03,628
1387,S14T32R04,655
1388,S14T32R05,643
1389,S14T33R01,684
1390,S14T33R02,666
1391,S14T33R03,652
1392,S14T33R04,643
1393,S14T33R05,674
1394,S14T34R01,739
1395,S14T34R02,733
1396,S14T34R03,724
1397,S14T34R04,700
1398,S14T34R05,677
1399,S14T35R01,1221
1400,S14T35R02,1232
1401,S14T35R04,1202
1402,S14T35R05,1257
1403,S14T36R01,722
1404,S14T36R02,776
1405,S14T36R03,768
1406,S14T36R04,754
1407,S14T36R05,853
1408,S15T01R01,3079
1409,S15T02R01,600
1410,S15T02R02,643
1411,S15T02R03,595
1412,S15T02R04,630
1413,S15T02R05,671
1414,S15T03R01,302
1415,S15T03R02,393
1416,S15T03R03,395
1417,S15T03R04,428
1418,S15T03R05,566
1419,S15T04R01,311
1420,S15T04R02,357
1421,S15T04R03,368
1422,S15T04R04,383
1423,S15T04R05,501
1424,S15T05R01,808
1425,S15T05R02,860
1426,S15T05R03,762
1427,S15T05R04,851
1428,S15T05R05,906
1429,S15T06R01,1152
1430,S15T06R02,1250
1431,S15T06R03,1237
1432,S15T06R04,1278
1433,S15T06R05,1278
1434,S15T07R01,907
1435,S15T07R02,1014
1436,S15T07R03,1033
1437,S15T07R05,1050
1438,S15T08R01,781
1439,S15T08R02,882
1440,S15T08R03,875
1441,S15T08R04,850
1442,S15T08R05,935
1443,S15T09R01,601
1444,S15T09R02,778
1445,S15T09R03,742
1446,S15T09R04,785
1447,S15T09R05,644
1448,S15T10R01,699
1449,S15T10R02,851
1450,S15T10R03,933
1451,S15T10R04,897
1452,S15T10R05,794
1453,S15T11R01,3110
1454,S15T12R01,3101
1455,S15T13R01,529
1456,S15T13R02,647
1457,S15T13R03,555
1458,S15T13R04,622
1459,S15T13R05,671
1460,S15T14R01,407
1461,S15T14R02,501
1462,S15T14R03,457
1463,S15T14R04,446
1464,S15T14R05,532
1465,S15T15R01,367
1466,S15T15R02,533
1467,S15T15R03,484
1468,S15T15R04,478
1469,S15T15R05,579
1470,S15T16R01,659
1471,S15T16R02,672
1472,S15T16R03,682
1473,S15T16R04,584
1474,S15T16R05,700
1475,S15T17R01,3112
1476,S15T18R01,578
1477,S15T18R02,679
1478,S15T18R03,678
1479,S15T18R04,766
1480,S15T18R05,831
1481,S15T19R01,450
1482,S15T19R02,517
1483,S15T19R03,528
1484,S15T19R04,508
1485,S15T19R05,518
1486,S15T19R06,621
1487,S15T20R01,509
1488,S15T20R02,536
1489,S15T20R03,502
1490,S15T20R04,521
1491,S15T20R05,714
1492,S15T21R01,659
1493,S15T21R02,555
1494,S15T21R03,723
1495,S15T21R04,712
1496,S15T21R05,710
1497,S15T22R01,687
1498,S15T22R02,666
1499,S15T22R03,681
1500,S15T22R04,692
1501,S15T22R05,679
1502,S15T23R01,688
1503,S15T23R02,721
1504,S15T23R03,769
1505,S15T23R04,709
1506,S15T23R05,600
1507,S15T24R01,738
1508,S15T24R02,744
1509,S15T24R03,741
1510,S15T24R04,697
1511,S15T24R05,720
1512,S15T25R01,790
1513,S15T25R02,810
1514,S15T25R03,808
1515,S15T25R04,813
1516,S15T25R05,766
1517,S15T26R01,716
1518,S15T26R02,776
1519,S15T26R03,723
1520,S15T26R04,742
1521,S15T26R05,671
1522,S15T27R01,739
1523,S15T27R02,689
1524,S15T27R03,761
1525,S15T27R04,701
1526,S15T27R05,719
1527,S15T28R01,823
1528,S15T28R02,802
1529,S15T28R03,790
1530,S15T28R04,836
1531,S15T28R05,858
1532,S15T29R01,891
1533,S15T29R02,958
1534,S15T29R03,859
1535,S15T29R04,859
1536,S15T29R05,887
1537,S15T30R01,661
1538,S15T30R02,678
1539,S15T30R03,675
1540,S15T30R04,699
1541,S15T30R05,659
1542,S15T31R01,611
1543,S15T31R02,633
1544,S15T31R03,609
1545,S15T31R04,690
1546,S15T31R05,677
1547,S15T32R01,632
1548,S15T32R02,655
1549,S15T32R03,661
1550,S15T32R04,668
1551,S15T32R05,633
1552,S15T33R01,697
1553,S15T33R02,695
1554,S15T33R03,693
1555,S15T33R04,702
1556,S15T33R05,667
1557,S15T34R01,777
1558,S15T34R02,769
1559,S15T34R03,854
1560,S15T34R04,821
1561,S15T34R05,809
1562,S15T35R01,1036
1563,S15T35R02,1061
1564,S15T35R03,914
1565,S15T35R05,1012
1566,S15T36R01,701
1567,S15T36R02,796
1568,S15T36R03,806
1569,S15T36R04,808
1570,S16T01R01,3078
1571,S16T02R01,698
1572,S16T02R02,775
1573,S16T02R03,716
1574,S16T02R04,757
1575,S16T02R05,870
1576,S16T03R01,394
1577,S16T03R02,408
1578,S16T03R03,485
1579,S16T03R04,485
1580,S16T03R05,623
1581,S16T04R01,307
1582,S16T04R02,374
1583,S16T04R03,397
1584,S16T04R04,389
1585,S16T04R05,533
1586,S16T05R01,695
1587,S16T05R02,841
1588,S16T05R03,820
1589,S16T05R04,775
1590,S16T05R05,842
1591,S16T06R01,1214
1592,S16T06R02,1250
1593,S16T06R03,1250
1594,S16T06R04,1232
1595,S16T06R05,1243
1596,S16T07R01,905
1597,S16T07R02,1042
1598,S16T07R03,955
1599,S16T07R04,1005
1600,S16T07R05,1041
1601,S16T08R01,834
1602,S16T08R02,920
1603,S16T08R03,916
1604,S16T08R04,925
1605,S16T08R05,936
1606,S16T09R01,679
1607,S16T09R02,778
1608,S16T09R03,828
1609,S16T09R04,847
1610,S16T10R01,757
1611,S16T10R02,806
1612,S16T10R03,1205
1613,S16T10R04,771
1614,S16T10R05,956
1615,S16T11R01,3041
1616,S16T12R01,2575
1617,S16T13R01,512
1618,S16T13R02,655
1619,S16T13R03,601
1620,S16T13R04,646
1621,S16T14R01,415
1622,S16T14R02,473
1623,S16T14R03,457
1624,S16T14R04,438
1625,S16T14R05,565
1626,S16T15R01,575
1627,S16T15R02,638
1628,S16T15R03,589
1629,S16T15R04,642
1630,S16T15R05,624
1631,S16T16R01,608
1632,S16T16R02,674
1633,S16T16R03,662
1634,S16T16R04,656
1635,S16T16R05,704
1636,S16T17R01,3111
1637,S16T18R01,805
1638,S16T18R02,860
1639,S16T18R03,861
1640,S16T18R04,900
1641,S16T18R05,913
1642,S16T19R01,568
1643,S16T19R02,648
1644,S16T19R03,662
1645,S16T19R04,696
1646,S16T19R05,699
1647,S16T20R01,582
1648,S16T20R02,663
1649,S16T20R03,517
1650,S16T20R04,694
1651,S16T20R05,649
1652,S16T21R01,589
1653,S16T21R02,660
1654,S16T21R03,664
1655,S16T21R04,675
1656,S16T21R05,648
1657,S16T21R06,685
1658,S16T22R01,696
1659,S16T22R02,773
1660,S16T22R03,788
1661,S16T22R04,737
1662,S16T22R05,733
1663,S16T23R01,731
1664,S16T23R02,745
1665,S16T23R03,689
1666,S16T23R04,708
1667,S16T23R05,706
1668,S16T24R01,722
1669,S16T24R02,749
1670,S16T24R03,529
1671,S16T24R04,773
1672,S16T24R05,742
1673,S16T25R01,733
1674,S16T25R02,737
1675,S16T25R03,741
1676,S16T25R04,748
1677,S16T25R05,771
1678,S16T26R01,693
1679,S16T26R02,764
1680,S16T26R03,787
1681,S16T26R04,745
1682,S16T26R05,725
1683,S16T27R01,656
1684,S16T27R02,736
1685,S16T27R03,773
1686,S16T27R04,692
1687,S16T27R05,655
1688,S16T28R01,749
1689,S16T28R02,780
1690,S16T28R03,701
1691,S16T28R04,739
1692,S16T28R05,796
1693,S16T29R01,890
1694,S16T29R02,850
1695,S16T29R03,902
1696,S16T29R04,964
1697,S16T29R05,955
1698,S16T30R01,743
1699,S16T30R02,703
1700,S16T30R03,734
1701,S16T30R04,714
1702,S16T30R05,666
1703,S16T31R01,549
1704,S16T31R02,531
1705,S16T31R03,585
1706,S16T31R04,577
1707,S16T31R05,512
1708,S16T32R01,569
1709,S16T32R02,593
1710,S16T32R03,601
1711,S16T32R04,568
1712,S16T32R05,595
1713,S16T33R01,640
1714,S16T33R02,621
1715,S16T33R03,607
1716,S16T33R04,592
1717,S16T33R05,696
1718,S16T34R01,617
1719,S16T34R02,616
1720,S16T34R03,642
1721,S16T34R04,642
1722,S16T34R05,640
1723,S16T35R01,1145
1724,S16T35R02,1127
1725,S16T35R03,1118
1726,S16T35R04,1318
1727,S16T35R05,1264
1728,S16T36R01,801
1729,S16T36R02,880
1730,S16T36R03,921
1731,S16T36R04,924
1732,S16T36R05,907
1733,S17T01R01,3024
1734,S17T02R01,573
1735,S17T02R02,701
1736,S17T02R03,602
1737,S17T02R04,652
1738,S17T02R05,653
1739,S17T03R01,412
1740,S17T03R02,520
1741,S17T03R03,501
1742,S17T03R04,482
1743,S17T03R05,558
1744,S17T04R01,272
1745,S17T04R02,357
1746,S17T04R03,386
1747,S17T04R04,374
1748,S17T04R05,463
1749,S17T05R01,824
1750,S17T05R02,845
1751,S17T05R03,859
1752,S17T05R04,814
1753,S17T05R05,988
1754,S17T06R01,1126
1755,S17T06R02,1162
1756,S17T06R03,1026
1757,S17T06R04,1162
1758,S17T06R05,1196
1759,S17T07R01,848
1760,S17T07R02,930
1761,S17T07R03,889
1762,S17T07R04,899
1763,S17T07R05,1002
1764,S17T08R01,915
1765,S17T08R02,1001
1766,S17T08R03,1004
1767,S17T08R04,988
1768,S17T08R05,1098
1769,S17T09R01,702
1770,S17T09R02,832
1771,S17T09R03,786
1772,S17T09R04,795
1773,S17T09R05,893
1774,S17T10R01,633
1775,S17T10R02,635
1776,S17T10R03,692
1777,S17T10R04,634
1778,S17T10R05,722
1779,S17T11R01,3022
1780,S17T12R01,2878
1781,S17T13R01,609
1782,S17T13R02,662
1783,S17T13R03,629
1784,S17T13R04,603
1785,S17T13R05,766
1786,S17T14R01,462
1787,S17T14R02,542
1788,S17T14R03,486
1789,S17T14R04,530
1790,S17T14R05,612
1791,S17T15R01,407
1792,S17T15R02,544
1793,S17T15R03,553
1794,S17T15R04,550
1795,S17T15R05,640
1796,S17T16R01,664
1797,S17T16R02,735
1798,S17T16R03,756
1799,S17T16R04,746
1800,S17T16R05,789
1801,S17T17R01,3030
1802,S17T18R01,858
1803,S17T18R02,898
1804,S17T18R03,850
1805,S17T18R04,881
1806,S17T18R05,990
1807,S17T19R01,559
1808,S17T19R02,685
1809,S17T19R03,609
1810,S17T19R04,622
1811,S17T19R05,664
1812,S17T20R01,606
1813,S17T20R02,615
1814,S17T20R03,662
1815,S17T20R04,980
1816,S17T20R05,1006
1817,S17T21R01,914
1818,S17T21R02,920
1819,S17T21R03,959
1820,S17T21R04,910
1821,S17T21R05,885
1822,S17T22R01,970
1823,S17T22R02,918
1824,S17T22R03,990
1825,S17T22R04,943
1826,S17T22R05,1022
1827,S17T23R01,912
1828,S17T23R02,1067
1829,S17T23R03,1012
1830,S17T23R04,948
1831,S17T23R05,960
1832,S17T24R01,963
1833,S17T24R02,1040
1834,S17T24R03,971
1835,S17T24R04,992
1836,S17T24R05,1006
1837,S17T25R01,1022
1838,S17T25R02,1109
1839,S17T25R03,1092
1840,S17T25R04,1170
1841,S17T25R05,1105
1842,S17T26R01,964
1843,S17T26R03,1009
1844,S17T26R04,1110
1845,S17T26R05,1038
1846,S17T27R01,909
1847,S17T27R02,630
1848,S17T27R03,914
1849,S17T27R04,949
1850,S17T27R05,897
1851,S17T28R01,1248
1852,S17T28R02,842
1853,S17T28R03,1079
1854,S17T28R04,784
1855,S17T28R05,1035
1856,S17T29R01,946
1857,S17T29R02,938
1858,S17T29R03,920
1859,S17T29R04,931
1860,S17T29R05,834
1861,S17T30R01,772
1862,S17T30R02,737
1863,S17T30R03,812
1864,S17T30R04,787
1865,S17T30R05,712
1866,S17T31R01,672
1867,S17T31R02,719
1868,S17T31R03,736
1869,S17T31R04,662
1870,S17T31R05,744
1871,S17T32R01,817
1872,S17T32R02,777
1873,S17T32R03,827
1874,S17T32R04,767
1875,S17T32R05,832
1876,S17T33R01,822
1877,S17T33R02,786
1878,S17T33R03,779
1879,S17T33R04,975
1880,S17T33R05,637
1881,S17T34R01,903
1882,S17T34R02,897
1883,S17T34R03,928
1884,S17T34R04,770
1885,S17T34R05,907
1886,S17T35R01,1174
1887,S17T35R02,1167
1888,S17T35R03,1266
1889,S17T35R05,1322
1890,S17T36R01,906
1891,S17T36R02,999
1892,S17T36R03,896
1893,S17T36R04,890
1894,S18T01R01,3074
1895,S18T02R01,628
1896,S18T02R02,702
1897,S18T02R03,574
1898,S18T02R05,635
1899,S18T03R01,442
1900,S18T03R02,468
1901,S18T03R03,452
1902,S18T03R04,440
1903,S18T03R05,540
1904,S18T04R01,371
1905,S18T04R02,430
1906,S18T04R03,407
1907,S18T04R04,380
1908,S18T04R05,460
1909,S18T05R01,829
1910,S18T05R02,819
1911,S18T05R03,885
1912,S18T05R04,820
1913,S18T05R05,879
1914,S18T06R01,1146
1915,S18T06R02,1227
1916,S18T06R03,1106
1917,S18T06R05,1150
1918,S18T07R01,945
1919,S18T07R02,1036
1920,S18T07R03,914
1921,S18T07R04,959
1922,S18T07R05,1036
1923,S18T08R01,845
1924,S18T08R02,1017
1925,S18T08R03,963
1926,S18T08R04,1016
1927,S18T08R05,1051
1928,S18T09R01,697
1929,S18T09R02,816
1930,S18T09R03,864
1931,S18T09R04,882
1932,S18T09R05,1051
1933,S18T10R01,676
1934,S18T10R02,661
1935,S18T10R03,740
1936,S18T10R04,701
1937,S18T10R05,762
1938,S18T11R01,3063
1939,S18T12R01,3100
1940,S18T13R01,573
1941,S18T13R02,640
1942,S18T13R03,671
1943,S18T13R04,626
1944,S18T13R05,819
1945,S18T14R01,466
1946,S18T14R02,511
1947,S18T14R03,543
1948,S18T14R04,511
1949,S18T14R05,616
1950,S18T15R01,389
1951,S18T15R02,469
1952,S18T15R03,485
1953,S18T15R04,491
1954,S18T15R05,640
1955,S18T16R01,530
1956,S18T16R02,638
1957,S18T16R03,659
1958,S18T16R04,636
1959,S18T16R05,730
1960,S18T17R01,3076
1961,S18T18R01,713
1962,S18T18R02,791
1963,S18T18R03,721
1964,S18T18R04,816
1965,S18T18R05,852
1966,S18T19R01,604
1967,S18T19R02,637
1968,S18T19R03,643
1969,S18T19R04,690
1970,S18T19R05,776
1971,S18T20R01,577
1972,S18T20R02,815
1973,S18T20R03,852
1974,S18T20R04,835
1975,S18T20R05,771
1976,S18T21R01,837
1977,S18T21R02,874
1978,S18T21R03,850
1979,S18T21R04,835
1980,S18T21R05,853
1981,S18T22R01,824
1982,S18T22R02,869
1983,S18T22R03,824
1984,S18T22R04,852
1985,S18T22R05,813
1986,S18T23R01,877
1987,S18T23R02,834
1988,S18T23R03,843
1989,S18T23R04,854
1990,S18T23R05,829
1991,S18T24R01,803
1992,S18T24R02,862
1993,S18T24R03,865
1994,S18T24R04,898
1995,S18T24R05,833
1996,S18T25R01,854
1997,S18T25R02,809
1998,S18T25R03,789
1999,S18T25R04,809
2000,S18T25R05,866
2001,S18T26R01,872
2002,S18T26R02,846
2003,S18T26R03,844
2004,S18T26R04,833
2005,S18T26R05,870
2006,S18T27R01,818
2007,S18T27R02,855
2008,S18T27R03,845
2009,S18T27R04,975
2010,S18T27R05,867
2011,S18T28R01,787
2012,S18T28R02,773
2013,S18T28R03,815
2014,S18T28R04,803
2015,S18T28R05,783
2016,S18T29R01,956
2017,S18T29R02,898
2018,S18T29R03,860
2019,S18T29R04,1287
2020,S18T29R05,866
2021,S18T30R01,816
2022,S18T30R02,744
2023,S18T30R03,748
2024,S18T30R04,746
2025,S18T30R05,821
2026,S18T31R01,719
2027,S18T31R02,729
2028,S18T31R03,712
2029,S18T31R04,748
2030,S18T31R05,763
2031,S18T32R01,822
2032,S18T32R02,811
2033,S18T32R03,796
2034,S18T32R04,848
2035,S18T32R05,812
2036,S18T33R01,832
2037,S18T33R02,784
2038,S18T33R03,806
2039,S18T33R04,838
2040,S18T33R05,829
2041,S18T34R01,908
2042,S18T34R02,918
2043,S18T34R03,973
2044,S18T34R04,966
2045,S18T34R05,980
2046,S18T35R01,1156
2047,S18T35R02,1173
2048,S18T35R03,1237
2049,S18T36R01,713
2050,S18T36R02,867
2051,S18T36R03,891
2052,S18T36R04,865
2053,S18T36R05,992
2054,S19T01R01,3078
2055,S19T02R01,543
2056,S19T02R02,562
2057,S19T02R03,635
2058,S19T02R04,625
2059,S19T02R05,698
2060,S19T03R02,562
2061,S19T03R03,537
2062,S19T03R04,509
2063,S19T03R05,648
2064,S19T04R02,337
2065,S19T04R03,374
2066,S19T04R04,351
2067,S19T04R05,332
2068,S19T04R06,540
2069,S19T05R01,787
2070,S19T05R02,949
2071,S19T05R03,951
2072,S19T05R04,966
2073,S19T05R05,1033
2074,S19T06R02,1214
2075,S19T06R03,1202
2076,S19T06R04,1255
2077,S19T06R05,1302
2078,S19T07R01,1064
2079,S19T07R02,937
2080,S19T07R03,955
2081,S19T07R04,1007
2082,S19T07R05,1167
2083,S19T08R01,956
2084,S19T08R02,904
2085,S19T08R03,922
2086,S19T08R04,926
2087,S19T08R05,1050
2088,S19T09R01,772
2089,S19T09R02,786
2090,S19T09R03,776
2091,S19T09R04,779
2092,S19T09R05,868
2093,S19T10R01,668
2094,S19T10R02,705
2095,S19T10R03,707
2096,S19T10R04,705
2097,S19T10R05,819
2098,S19T11R01,3021
2099,S19T12R01,3233
2100,S19T13R01,674
2101,S19T13R02,748
2102,S19T13R03,704
2103,S19T13R04,688
2104,S19T13R05,767
2105,S19T14R01,414
2106,S19T14R02,415
2107,S19T14R03,396
2108,S19T14R04,401
2109,S19T14R05,548
2110,S19T15R01,430
2111,S19T15R02,458
2112,S19T15R03,447
2113,S19T15R04,465
2114,S19T15R05,550
2115,S19T16R01,659
2116,S19T16R02,610
2117,S19T16R03,692
2118,S19T16R04,713
2119,S19T16R05,751
2120,S19T17R01,3063
2121,S19T18R01,875
2122,S19T18R02,769
2123,S19T18R03,795
2124,S19T18R04,759
2125,S19T19R01,477
2126,S19T19R02,524
2127,S19T19R03,535
2128,S19T19R04,542
2129,S19T19R05,578
2130,S19T20R01,804
2131,S19T20R02,848
2132,S19T20R03,880
2133,S19T20R04,808
2134,S19T20R05,763
2135,S19T21R01,786
2136,S19T21R02,790
2137,S19T21R03,835
2138,S19T21R04,621
2139,S19T21R05,824
2140,S19T21R06,775
2141,S19T22R01,812
2142,S19T22R02,862
2143,S19T22R04,822
2144,S19T22R05,851
2145,S19T23R01,806
2146,S19T23R02,932
2147,S19T23R03,840
2148,S19T23R04,808
2149,S19T23R05,845
2150,S19T24R01,836
2151,S19T24R02,973
2152,S19T24R03,853
2153,S19T24R04,843
2154,S19T24R05,858
2155,S19T25R01,828
2156,S19T25R02,787
2157,S19T25R03,750
2158,S19T25R04,829
2159,S19T25R05,879
2160,S19T26R01,773
2161,S19T26R02,805
2162,S19T26R03,807
2163,S19T26R04,798
2164,S19T26R05,778
2165,S19T27R01,697
2166,S19T27R02,747
2167,S19T27R03,791
2168,S19T27R04,753
2169,S19T27R05,841
2170,S19T27R06,802
2171,S19T28R01,763
2172,S19T28R02,803
2173,S19T28R03,878
2174,S19T28R04,839
2175,S19T28R05,847
2176,S19T29R01,1028
2177,S19T29R02,1047
2178,S19T29R03,937
2179,S19T29R04,1039
2180,S19T29R05,1036
2181,S19T30R01,890
2182,S19T30R02,827
2183,S19T30R03,755
2184,S19T30R04,826
2185,S19T30R05,817
2186,S19T31R02,738
2187,S19T31R03,864
2188,S19T32R01,831
2189,S19T32R02,928
2190,S19T32R03,901
2191,S19T32R04,981
2192,S19T32R05,948
2193,S19T33R01,852
2194,S19T33R02,857
2195,S19T33R03,841
2196,S19T33R04,811
2197,S19T33R05,859
2198,S19T34R01,989
2199,S19T34R02,1068
2200,S19T34R03,929
2201,S19T34R04,978
2202,S19T34R05,892
2203,S19T35R01,969
2204,S19T35R02,1032
2205,S19T35R03,1001
2206,S19T35R05,1242
2207,S19T36R01,782
2208,S19T36R02,815
2209,S19T36R03,768
2210,S19T36R04,801
2211,S19T36R05,879
2212,S20T01R01,3070
2213,S20T02R01,744
2214,S20T02R02,724
2215,S20T02R03,685
2216,S20T02R04,685
2217,S20T02R05,684
2218,S20T03R01,348
2219,S20T03R02,426
2220,S20T03R03,424
2221,S20T03R04,441
2222,S20T03R05,489
2223,S20T04R01,271
2224,S20T04R02,358
2225,S20T04R03,372
2226,S20T04R04,331
2227,S20T04R05,427
2228,S20T05R01,575
2229,S20T05R02,611
2230,S20T05R03,604
2231,S20T05R04,641
2232,S20T05R05,739
2233,S20T06R01,1030
2234,S20T06R02,996
2235,S20T06R03,1042
2236,S20T06R04,1040
2237,S20T06R05,1112
2238,S20T07R01,716
2239,S20T07R02,791
2240,S20T07R03,835
2241,S20T07R04,856
2242,S20T07R05,926
2243,S20T08R01,771
2244,S20T08R02,835
2245,S20T08R03,876
2246,S20T08R04,902
2247,S20T08R05,981
2248,S20T09R01,602
2249,S20T09R02,706
2250,S20T09R03,744
2251,S20T09R04,752
2252,S20T09R05,862
2253,S20T10R01,631
2254,S20T10R02,718
2255,S20T10R03,753
2256,S20T10R04,788
2257,S20T10R05,677
2258,S20T11R01,3066
2259,S20T12R01,3091
2260,S20T13R01,505
2261,S20T13R02,548
2262,S20T13R03,537
2263,S20T13R04,531
2264,S20T13R05,649
2265,S20T14R01,369
2266,S20T14R02,420
2267,S20T14R03,457
2268,S20T14R04,471
2269,S20T14R05,552
2270,S20T15R01,347
2271,S20T15R02,371
2272,S20T15R03,421
2273,S20T15R04,364
2274,S20T15R05,499
2275,S20T16R01,516
2276,S20T16R02,585
2277,S20T16R03,556
2278,S20T16R04,565
2279,S20T16R05,651
2280,S20T17R01,3086
2281,S20T18R01,569
2282,S20T18R02,599
2283,S20T18R03,620
2284,S20T18R04,565
2285,S20T18R05,668
2286,S20T20R01,587
2287,S20T20R02,777
2288,S20T20R03,732
2289,S20T20R04,747
2290,S20T20R05,719
2291,S20T21R01,707
2292,S20T21R02,663
2293,S20T21R03,709
2294,S20T21R04,741
2295,S20T21R05,743
2296,S20T22R01,698
2297,S20T22R02,739
2298,S20T22R03,736
2299,S20T22R04,724
2300,S20T22R05,716
2301,S20T22R06,699
2302,S20T23R01,669
2303,S20T23R02,742
2304,S20T23R03,677
2305,S20T23R04,705
2306,S20T23R05,693
2307,S20T24R01,746
2308,S20T24R02,761
2309,S20T24R03,732
2310,S20T24R04,756
2311,S20T24R05,742
2312,S20T25R01,747
2313,S20T25R02,862
2314,S20T25R03,874
2315,S20T25R04,804
2316,S20T25R05,862
2317,S20T26R01,766
2318,S20T26R02,805
2319,S20T26R03,777
2320,S20T26R04,869
2321,S20T26R05,743
2322,S20T27R01,671
2323,S20T27R02,773
2324,S20T27R03,740
2325,S20T27R04,713
2326,S20T27R05,777
2327,S20T28R01,878
2328,S20T28R02,841
2329,S20T28R03,830
2330,S20T28R04,806
2331,S20T29R01,1006
2332,S20T29R02,960
2333,S20T29R03,934
2334,S20T29R05,965
2335,S20T30R02,678
2336,S20T30R03,661
2337,S20T30R04,673
2338,S20T30R05,694
2339,S20T31R01,623
2340,S20T31R02,682
2341,S20T31R03,658
2342,S20T31R05,653
2343,S20T32R01,699
2344,S20T32R02,661
2345,S20T32R03,708
2346,S20T32R04,704
2347,S20T32R05,662
2348,S20T33R01,690
2349,S20T33R02,667
2350,S20T33R03,675
2351,S20T33R04,682
2352,S20T33R05,683
2353,S20T34R01,769
2354,S20T34R02,769
2355,S20T34R03,785
2356,S20T34R04,770
2357,S20T34R05,794
2358,S20T35R01,828
2359,S20T35R02,877
2360,S20T35R03,918
2361,S20T35R04,944
2362,S20T35R05,983
2363,S20T36R01,654
2364,S20T36R02,708
2365,S20T36R03,731
2366,S20T36R04,780
2367,S20T36R05,863
2368,S21T01R01,3086
2369,S21T02R01,536
2370,S21T02R02,581
2371,S21T02R03,541
2372,S21T02R04,540
2373,S21T02R05,724
2374,S21T03R01,484
2375,S21T03R02,430
2376,S21T03R03,402
2377,S21T03R04,420
2378,S21T03R05,511
2379,S21T04R01,305
2380,S21T04R02,291
2381,S21T04R03,258
2382,S21T04R04,270
2383,S21T04R05,357
2384,S21T05R01,581
2385,S21T05R02,704
2386,S21T05R03,624
2387,S21T05R04,646
2388,S21T05R05,809
2389,S21T06R01,1324
2390,S21T06R02,1338
2391,S21T06R03,1374
2392,S21T06R04,1326
2393,S21T06R05,1427
2394,S21T07R01,1060
2395,S21T07R02,1079
2396,S21T07R03,1098
2397,S21T07R04,1145
2398,S21T07R05,1168
2399,S21T08R01,824
2400,S21T08R02,878
2401,S21T08R03,780
2402,S21T08R04,867
2403,S21T08R05,950
2404,S21T09R01,612
2405,S21T09R02,745
2406,S21T09R03,745
2407,S21T09R04,803
2408,S21T09R05,877
2409,S21T10R01,730
2410,S21T10R02,708
2411,S21T10R03,810
2412,S21T10R04,768
2413,S21T10R05,821
2414,S21T11R01,3123
2415,S21T12R01,3089
2416,S21T13R01,518
2417,S21T13R02,569
2418,S21T13R03,513
2419,S21T13R04,525
2420,S21T13R05,576
2421,S21T14R01,368
2422,S21T14R02,412
2423,S21T14R03,420
2424,S21T14R04,433
2425,S21T14R05,516
2426,S21T15R01,366
2427,S21T15R02,389
2428,S21T15R03,359
2429,S21T15R04,331
2430,S21T15R05,383
2431,S21T15R06,424
2432,S21T16R01,600
2433,S21T16R02,546
2434,S21T16R03,524
2435,S21T16R04,516
2436,S21T16R05,577
2437,S21T17R01,3090
2438,S21T18R01,618
2439,S21T18R02,618
2440,S21T18R03,571
2441,S21T18R04,568
2442,S21T18R05,676
2443,S21T19R01,475
2444,S21T19R02,470
2445,S21T19R03,525
2446,S21T19R04,464
2447,S21T19R05,625
2448,S21T20R02,740
2449,S21T20R03,748
2450,S21T20R04,788
2451,S21T20R05,710
2452,S21T20R06,768
2453,S21T21R01,687
2454,S21T21R02,725
2455,S21T21R03,715
2456,S21T21R04,708
2457,S21T21R05,714
2458,S21T22R01,772
2459,S21T22R02,795
2460,S21T22R03,730
2461,S21T22R04,755
2462,S21T22R05,784
2463,S21T23R02,744
2464,S21T23R03,734
2465,S21T23R04,784
2466,S21T23R05,788
2467,S21T24R01,711
2468,S21T24R02,729
2469,S21T24R03,746
2470,S21T24R04,765
2471,S21T24R05,770
2472,S21T25R01,711
2473,S21T25R02,736
2474,S21T25R03,744
2475,S21T25R04,741
2476,S21T25R05,767
2477,S21T26R01,680
2478,S21T26R02,737
2479,S21T26R03,750
2480,S21T26R04,772
2481,S21T26R05,802
2482,S21T27R01,684
2483,S21T27R02,726
2484,S21T27R03,728
2485,S21T27R04,696
2486,S21T27R05,722
2487,S21T28R01,725
2488,S21T28R02,690
2489,S21T28R03,726
2490,S21T28R04,942
2491,S21T28R05,808
2492,S21T29R01,835
2493,S21T29R02,926
2494,S21T29R03,891
2495,S21T29R04,863
2496,S21T29R05,843
2497,S21T30R01,686
2498,S21T30R02,778
2499,S21T30R03,697
2500,S21T30R04,776
2501,S21T30R05,790
2502,S21T31R01,655
2503,S21T31R02,683
2504,S21T31R03,626
2505,S21T31R04,683
2506,S21T31R05,750
2507,S21T32R01,703
2508,S21T32R02,696
2509,S21T32R03,771
2510,S21T32R04,769
2511,S21T32R05,758
2512,S21T33R01,714
2513,S21T33R02,708
2514,S21T33R03,747
2515,S21T33R04,684
2516,S21T33R05,769
2517,S21T34R01,806
2518,S21T34R03,749
2519,S21T34R04,807
2520,S21T34R05,868
2521,S21T35R01,873
2522,S21T35R02,1064
2523,S21T35R03,972
2524,S21T35R04,995
2525,S21T35R05,1140
2526,S21T36R01,748
2527,S21T36R02,926
2528,S21T36R03,847
2529,S21T36R04,891
2530,S21T36R05,946
2531,S22T01R01,3120
2532,S22T02R01,562
2533,S22T02R02,558
2534,S22T02R03,550
2535,S22T02R04,526
2536,S22T02R05,608
2537,S22T03R01,322
2538,S22T03R02,409
2539,S22T03R03,448
2540,S22T03R04,414
2541,S22T03R05,492
2542,S22T04R01,238
2543,S22T04R02,330
2544,S22T04R03,335
2545,S22T04R04,344
2546,S22T04R05,416
2547,S22T05R01,673
2548,S22T05R02,754
2549,S22T05R03,754
2550,S22T05R04,743
2551,S22T05R05,866
2552,S22T06R01,1031
2553,S22T06R02,1203
2554,S22T06R03,1095
2555,S22T06R04,1292
2556,S22T06R05,1231
2557,S22T07R01,863
2558,S22T07R02,952
2559,S22T07R03,1068
2560,S22T07R04,1042
2561,S22T07R05,1080
2562,S22T08R01,804
2563,S22T08R02,894
2564,S22T08R03,900
2565,S22T08R04,898
2566,S22T08R05,989
2567,S22T09R01,654
2568,S22T09R02,713
2569,S22T09R03,767
2570,S22T09R04,769
2571,S22T10R01,561
2572,S22T10R02,464
2573,S22T10R03,591
2574,S22T10R04,646
2575,S22T10R05,675
2576,S22T11R01,3089
2577,S22T12R01,3086
2578,S22T13R01,488
2579,S22T13R02,533
2580,S22T13R03,538
2581,S22T13R04,541
2582,S22T13R05,651
2583,S22T14R01,378
2584,S22T14R02,445
2585,S22T14R03,458
2586,S22T14R04,413
2587,S22T14R05,541
2588,S22T15R01,373
2589,S22T15R02,472
2590,S22T15R03,406
2591,S22T15R04,439
2592,S22T15R05,523
2593,S22T16R01,586
2594,S22T16R02,632
2595,S22T16R03,642
2596,S22T16R04,583
2597,S22T16R05,609
2598,S22T17R01,3071
2599,S22T18R01,658
2600,S22T18R02,680
2601,S22T18R03,716
2602,S22T18R04,706
2603,S22T18R05,666
2604,S22T19R01,497
2605,S22T19R02,588
2606,S22T19R03,585
2607,S22T19R04,580
2608,S22T19R05,669
2609,S22T20R01,689
2610,S22T20R02,708
2611,S22T20R03,737
2612,S22T20R04,761
2613,S22T20R05,761
2614,S22T21R01,671
2615,S22T21R02,741
2616,S22T21R03,762
2617,S22T21R04,764
2618,S22T21R05,715
2619,S22T22R01,763
2620,S22T22R02,809
2621,S22T22R03,812
2622,S22T22R04,829
2623,S22T22R05,774
2624,S22T23R01,777
2625,S22T23R02,833
2626,S22T23R03,808
2627,S22T23R04,782
2628,S22T23R05,784
2629,S22T24R01,830
2630,S22T24R02,847
2631,S22T24R03,827
2632,S22T24R04,859
2633,S22T24R05,868
2634,S22T25R01,760
2635,S22T25R02,720
2636,S22T25R03,705
2637,S22T25R04,777
2638,S22T25R05,667
2639,S22T26R01,769
2640,S22T26R02,764
2641,S22T26R03,757
2642,S22T26R04,832
2643,S22T26R05,761
2644,S22T27R01,730
2645,S22T27R02,742
2646,S22T27R03,760
2647,S22T27R04,784
2648,S22T27R05,716
2649,S22T27R06,693
2650,S22T28R01,734
2651,S22T28R02,716
2652,S22T28R04,731
2653,S22T28R05,719
2654,S22T29R01,930
2655,S22T29R02,901
2656,S22T29R03,901
2657,S22T29R04,844
2658,S22T29R05,877
2659,S22T30R01,629
2660,S22T30R02,646
2661,S22T30R03,634
2662,S22T30R04,598
2663,S22T30R05,600
2664,S22T31R01,537
2665,S22T31R02,574
2666,S22T31R03,562
2667,S22T31R04,575
2668,S22T32R01,589
2669,S22T32R02,633
2670,S22T32R03,590
2671,S22T32R04,678
2672,S22T32R05,632
2673,S22T33R01,678
2674,S22T33R02,671
2675,S22T33R03,647
2676,S22T33R04,675
2677,S22T33R05,686
2678,S22T34R01,743
2679,S22T34R02,718
2680,S22T34R03,758
2681,S22T34R04,699
2682,S22T34R05,793
2683,S22T35R01,843
2684,S22T35R02,995
2685,S22T35R03,974
2686,S22T35R04,992
2687,S22T35R05,1049
2688,S22T36R01,782
2689,S22T36R02,898
2690,S22T36R03,895
2691,S22T36R04,882
2692,S23T01R01,3054
2693,S23T02R01,571
2694,S23T02R02,531
2695,S23T02R03,556
2696,S23T02R04,557
2697,S23T02R05,625
2698,S23T03R01,414
2699,S23T03R02,431
2700,S23T03R03,415
2701,S23T03R04,425
2702,S23T03R05,531
2703,S23T04R01,212
2704,S23T04R02,362
2705,S23T04R03,333
2706,S23T04R04,312
2707,S23T04R05,416
2708,S23T05R01,563
2709,S23T05R02,625
2710,S23T05R03,619
2711,S23T05R04,617
2712,S23T05R05,650
2713,S23T06R01,1327
2714,S23T06R02,1280
2715,S23T06R04,1144
2716,S23T06R05,1241
2717,S23T07R01,913
2718,S23T07R02,993
2719,S23T07R03,1019
2720,S23T07R04,999
2721,S23T07R05,1053
2722,S23T08R01,769
2723,S23T08R02,844
2724,S23T08R03,775
2725,S23T08R04,806
2726,S23T08R05,848
2727,S23T09R01,650
2728,S23T09R02,666
2729,S23T09R03,685
2730,S23T09R04,647
2731,S23T09R05,789
2732,S23T10R01,572
2733,S23T10R02,696
2734,S23T10R03,671
2735,S23T10R04,687
2736,S23T10R05,717
2737,S23T11R01,3096
2738,S23T12R01,3168
2739,S23T13R01,480
2740,S23T13R02,522
2741,S23T13R03,475
2742,S23T13R04,539
2743,S23T13R05,570
2744,S23T14R01,418
2745,S23T14R02,424
2746,S23T14R03,424
2747,S23T14R04,425
2748,S23T14R05,511
2749,S23T15R01,466
2750,S23T15R02,479
2751,S23T15R03,446
2752,S23T15R04,495
2753,S23T15R05,494
2754,S23T16R01,524
2755,S23T16R02,565
2756,S23T16R03,511
2757,S23T16R04,491
2758,S23T16R05,589
2759,S23T17R01,3087
2760,S23T18R01,633
2761,S23T18R02,713
2762,S23T18R03,594
2763,S23T18R04,631
2764,S23T18R05,666
2765,S23T19R01,493
2766,S23T19R02,659
2767,S23T19R03,576
2768,S23T19R04,596
2769,S23T19R05,704
2770,S23T20R01,665
2771,S23T20R02,730
2772,S23T20R03,729
2773,S23T20R04,683
2774,S23T20R05,603
2775,S23T21R01,674
2776,S23T21R02,625
2777,S23T21R03,704
2778,S23T21R04,663
2779,S23T21R05,675
2780,S23T22R01,676
2781,S23T22R02,738
2782,S23T22R03,740
2783,S23T22R04,738
2784,S23T22R05,741
2785,S23T23R01,642
2786,S23T23R02,713
2787,S23T23R03,720
2788,S23T23R04,680
2789,S23T23R05,703
2790,S23T24R01,744
2791,S23T24R02,702
2792,S23T24R03,732
2793,S23T24R04,766
2794,S23T24R05,748
2795,S23T25R01,687
2796,S23T25R02,711
2797,S23T25R03,738
2798,S23T25R04,661
2799,S23T25R05,703
2800,S23T26R01,655
2801,S23T26R02,686
2802,S23T26R03,702
2803,S23T26R04,712
2804,S23T26R05,717
2805,S23T27R01,628
2806,S23T27R02,696
2807,S23T27R03,723
2808,S23T27R04,716
2809,S23T27R05,705
2810,S23T28R01,840
2811,S23T28R02,771
2812,S23T28R03,797
2813,S23T28R04,781
2814,S23T28R05,756
2815,S23T29R01,775
2816,S23T29R02,766
2817,S23T29R03,787
2818,S23T29R04,829
2819,S23T29R05,781
2820,S23T30R01,597
2821,S23T30R02,635
2822,S23T30R03,634
2823,S23T30R04,623
2824,S23T30R05,627
2825,S23T31R01,579
2826,S23T31R02,576
2827,S23T31R03,584
2828,S23T31R04,631
2829,S23T31R05,575
2830,S23T32R01,627
2831,S23T32R02,625
2832,S23T32R03,601
2833,S23T32R04,571
2834,S23T32R05,538
2835,S23T33R01,644
2836,S23T33R02,647
2837,S23T33R03,559
2838,S23T33R04,624
2839,S23T33R05,620
2840,S23T34R01,677
2841,S23T34R02,634
2842,S23T34R03,646
2843,S23T34R04,678
2844,S23T34R05,695
2845,S23T34R06,656
2846,S23T35R01,966
2847,S23T35R02,1048
2848,S23T35R04,957
2849,S23T35R05,1102
2850,S23T36R01,708
2851,S23T36R02,807
2852,S23T36R03,775
2853,S23T36R04,766
2854,S23T36R05,829
2855,S24T01R01,3152
2856,S24T02R01,606
2857,S24T02R02,624
2858,S24T02R03,585
2859,S24T02R04,600
2860,S24T02R05,657
2861,S24T03R01,355
2862,S24T03R02,380
2863,S24T03R03,396
2864,S24T03R04,375
2865,S24T03R05,445
2866,S24T04R01,303
2867,S24T04R02,363
2868,S24T04R03,313
2869,S24T04R04,363
2870,S24T04R05,403
2871,S24T05R01,695
2872,S24T05R02,730
2873,S24T05R03,711
2874,S24T05R04,708
2875,S24T05R05,777
2876,S24T06R01,1036
2877,S24T06R02,1035
2878,S24T06R03,1034
2879,S24T06R04,973
2880,S24T06R05,1129
2881,S24T07R01,790
2882,S24T07R02,846
2883,S24T07R03,861
2884,S24T07R04,829
2885,S24T07R05,967
2886,S24T08R01,892
2887,S24T08R02,868
2888,S24T08R03,888
2889,S24T08R04,851
2890,S24T08R05,941
2891,S24T09R01,739
2892,S24T09R02,722
2893,S24T09R03,805
2894,S24T09R04,790
2895,S24T10R01,718
2896,S24T10R02,691
2897,S24T10R03,728
2898,S24T10R04,698
2899,S24T10R05,743
2900,S24T11R01,3022
2901,S24T12R01,3022
2902,S24T13R01,591
2903,S24T13R02,577
2904,S24T13R03,681
2905,S24T13R04,665
2906,S24T13R05,783
2907,S24T14R01,509
2908,S24T14R02,535
2909,S24T14R03,499
2910,S24T14R04,502
2911,S24T14R05,612
2912,S24T15R01,409
2913,S24T15R02,472
2914,S24T15R03,465
2915,S24T15R04,470
2916,S24T15R05,535
2917,S24T16R01,617
2918,S24T16R02,646
2919,S24T16R03,669
2920,S24T16R04,627
2921,S24T16R05,689
2922,S24T17R01,2977
2923,S24T18R01,580
2924,S24T18R02,740
2925,S24T18R03,760
2926,S24T18R04,744
2927,S24T18R05,749
2928,S24T19R01,691
2929,S24T19R02,642
2930,S24T19R03,620
2931,S24T19R04,639
2932,S24T19R05,706
2933,S24T20R01,791
2934,S24T20R03,791
2935,S24T20R04,830
2936,S24T20R05,837
2937,S24T21R01,735
2938,S24T21R02,812
2939,S24T21R03,870
2940,S24T21R04,872
2941,S24T21R05,847
2942,S24T22R01,873
2943,S24T22R02,827
2944,S24T22R03,859
2945,S24T22R04,794
2946,S24T22R05,836
2947,S24T23R01,841
2948,S24T23R02,885
2949,S24T23R03,893
2950,S24T23R05,879
2951,S24T24R01,799
2952,S24T24R02,867
2953,S24T24R03,852
2954,S24T24R04,875
2955,S24T24R05,862
2956,S24T25R01,855
2957,S24T25R02,869
2958,S24T25R03,815
2959,S24T25R04,834
2960,S24T25R05,862
2961,S24T26R01,693
2962,S24T26R02,824
2963,S24T26R03,880
2964,S24T26R04,842
2965,S24T26R05,896
2966,S24T27R01,769
2967,S24T27R02,849
2968,S24T27R03,806
2969,S24T27R04,888
2970,S24T27R05,878
2971,S24T28R01,901
2972,S24T28R02,794
2973,S24T28R03,764
2974,S24T28R04,792
2975,S24T28R05,993
2976,S24T29R01,810
2977,S24T29R02,828
2978,S24T29R03,771
2979,S24T29R04,798
2980,S24T29R05,872
2981,S24T30R01,784
2982,S24T30R03,769
2983,S24T30R05,820
2984,S24T31R02,645
2985,S24T31R03,641
2986,S24T31R04,650
2987,S24T31R05,608
2988,S24T32R01,640
2989,S24T32R02,626
2990,S24T32R03,631
2991,S24T32R04,603
2992,S24T33R01,669
2993,S24T33R02,602
2994,S24T33R03,655
2995,S24T33R04,631
2996,S24T33R05,656
2997,S24T34R01,756
2998,S24T34R02,719
2999,S24T34R03,715
3000,S24T34R04,738
3001,S24T35R02,1000
3002,S24T35R03,965
3003,S24T35R05,1093
3004,S24T36R01,763
3005,S24T36R02,770
3006,S24T36R03,790
3007,S24T36R04,807
3008,S25T01R01,3015
3009,S25T02R01,498
3010,S25T02R02,537
3011,S25T02R03,558
3012,S25T02R04,591
3013,S25T02R05,673
3014,S25T03R01,508
3015,S25T03R02,502
3016,S25T03R03,469
3017,S25T03R04,458
3018,S25T03R05,581
3019,S25T04R01,247
3020,S25T04R02,329
3021,S25T04R03,342
3022,S25T04R04,351
3023,S25T04R05,415
3024,S25T05R01,733
3025,S25T05R02,849
3026,S25T05R03,835
3027,S25T05R04,825
3028,S25T05R05,904
3029,S25T06R01,1199
3030,S25T06R02,1205
3031,S25T06R03,1154
3032,S25T06R04,1086
3033,S25T06R05,1181
3034,S25T07R01,795
3035,S25T07R02,864
3036,S25T07R03,902
3037,S25T07R04,869
3038,S25T07R05,979
3039,S25T08R01,917
3040,S25T08R02,874
3041,S25T08R03,864
3042,S25T08R04,832
3043,S25T08R05,876
3044,S25T09R01,631
3045,S25T09R02,725
3046,S25T09R03,717
3047,S25T09R04,741
3048,S25T09R05,785
3049,S25T10R01,526
3050,S25T10R02,622
3051,S25T10R03,633
3052,S25T10R04,597
3053,S25T10R05,648
3054,S25T11R01,3009
3055,S25T12R01,3016
3056,S25T13R01,694
3057,S25T13R02,608
3058,S25T13R03,531
3059,S25T13R04,555
3060,S25T13R05,637
3061,S25T14R01,499
3062,S25T14R02,458
3063,S25T14R03,439
3064,S25T14R04,406
3065,S25T14R05,505
3066,S25T15R01,543
3067,S25T15R02,620
3068,S25T15R03,555
3069,S25T15R04,477
3070,S25T15R05,574
3071,S25T16R01,804
3072,S25T16R02,777
3073,S25T16R03,769
3074,S25T16R04,788
3075,S25T16R05,933
3076,S25T17R01,4087
3077,S25T18R01,963
3078,S25T18R02,826
3079,S25T18R03,796
3080,S25T18R04,749
3081,S25T18R05,822
3082,S25T19R01,615
3083,S25T19R02,590
3084,S25T19R03,543
3085,S25T19R04,568
3086,S25T19R05,685
3087,S25T20R01,798
3088,S25T20R02,821
3089,S25T20R03,728
3090,S25T20R04,892
3091,S25T20R05,821
3092,S25T21R01,758
3093,S25T21R02,874
3094,S25T21R03,830
3095,S25T21R04,746
3096,S25T21R05,716
3097,S25T22R01,744
3098,S25T22R02,740
3099,S25T22R03,706
3100,S25T22R04,738
3101,S25T22R05,765
3102,S25T23R01,693
3103,S25T23R02,813
3104,S25T23R03,795
3105,S25T23R04,837
3106,S25T23R05,785
3107,S25T24R01,731
3108,S25T24R02,769
3109,S25T24R03,778
3110,S25T24R04,817
3111,S25T24R05,761
3112,S25T25R01,771
3113,S25T25R02,778
3114,S25T25R03,663
3115,S25T25R04,779
3116,S25T25R05,830
3117,S25T26R01,655
3118,S25T26R02,775
3119,S25T26R03,743
3120,S25T26R04,774
3121,S25T26R05,745
3122,S25T27R01,709
3123,S25T27R02,749
3124,S25T27R03,692
3125,S25T27R04,781
3126,S25T27R05,756
3127,S25T28R01,831
3128,S25T28R02,892
3129,S25T28R03,822
3130,S25T28R04,784
3131,S25T28R05,844
3132,S25T29R01,986
3133,S25T29R02,1012
3134,S25T29R03,1035
3135,S25T29R04,971
3136,S25T29R05,977
3137,S25T30R01,712
3138,S25T30R02,754
3139,S25T30R03,741
3140,S25T30R04,733
3141,S25T30R05,688
3142,S25T31R01,656
3143,S25T31R02,657
3144,S25T31R03,667
3145,S25T31R04,633
3146,S25T31R05,687
3147,S25T32R01,662
3148,S25T32R02,664
3149,S25T32R03,667
3150,S25T32R04,726
3151,S25T32R05,715
3152,S25T33R01,669
3153,S25T33R02,677
3154,S25T33R03,713
3155,S25T33R04,690
3156,S25T33R05,710
3157,S25T34R01,728
3158,S25T34R02,749
3159,S25T34R03,751
3160,S25T34R04,836
3161,S25T34R05,777
3162,S25T35R02,893
3163,S25T35R03,965
3164,S25T35R04,871
3165,S25T35R05,898
3166,S25T36R01,823
3167,S25T36R02,784
3168,S25T36R03,751
3169,S25T36R04,734
3170,S25T36R05,800
3171,S26T01R01,3065
3172,S26T02R01,788
3173,S26T02R02,698
3174,S26T02R03,638
3175,S26T02R04,581
3176,S26T02R05,649
3177,S26T03R01,382
3178,S26T03R02,477
3179,S26T03R03,482
3180,S26T03R04,471
3181,S26T03R05,546
3182,S26T04R01,347
3183,S26T04R02,364
3184,S26T04R03,339
3185,S26T04R04,372
3186,S26T04R05,457
3187,S26T05R01,761
3188,S26T05R02,828
3189,S26T05R03,839
3190,S26T05R04,822
3191,S26T05R05,796
3192,S26T05R06,834
3193,S26T06R01,1316
3194,S26T06R02,1366
3195,S26T06R04,1190
3196,S26T06R05,1288
3197,S26T07R01,1004
3198,S26T07R02,1099
3199,S26T07R03,1073
3200,S26T07R05,1041
3201,S26T08R01,767
3202,S26T08R02,888
3203,S26T08R03,960
3204,S26T08R04,946
3205,S26T08R05,1065
3206,S26T09R01,723
3207,S26T09R02,863
3208,S26T09R03,795
3209,S26T09R04,788
3210,S26T09R05,916
3211,S26T10R01,779
3212,S26T10R02,816
3213,S26T10R03,744
3214,S26T10R04,786
3215,S26T10R05,748
3216,S26T11R01,3082
3217,S26T12R01,3101
3218,S26T13R01,685
3219,S26T13R02,650
3220,S26T13R03,666
3221,S26T13R04,616
3222,S26T13R05,640
3223,S26T14R01,574
3224,S26T14R02,576
3225,S26T14R03,555
3226,S26T14R04,534
3227,S26T14R05,575
3228,S26T15R01,591
3229,S26T15R02,612
3230,S26T15R03,572
3231,S26T15R04,587
3232,S26T15R05,611
3233,S26T16R01,654
3234,S26T16R02,743
3235,S26T16R03,681
3236,S26T16R04,691
3237,S26T16R05,696
3238,S26T17R01,3109
3239,S26T18R01,828
3240,S26T18R02,828
3241,S26T18R03,847
3242,S26T18R04,853
3243,S26T18R05,874
3244,S26T19R01,627
3245,S26T19R02,735
3246,S26T19R03,690
3247,S26T19R04,652
3248,S26T19R05,777
3249,S26T20R01,839
3250,S26T20R02,800
3251,S26T20R03,850
3252,S26T20R04,746
3253,S26T20R05,831
3254,S26T21R01,786
3255,S26T21R02,873
3256,S26T21R03,802
3257,S26T21R04,782
3258,S26T21R05,766
3259,S26T22R01,577
3260,S26T22R02,826
3261,S26T22R03,797
3262,S26T22R04,777
3263,S26T22R05,759
3264,S26T23R01,877
3265,S26T23R02,914
3266,S26T23R03,887
3267,S26T23R04,909
3268,S26T23R05,877
3269,S26T24R01,804
3270,S26T24R02,806
3271,S26T24R04,873
3272,S26T24R05,834
3273,S26T25R01,632
3274,S26T25R02,772
3275,S26T25R03,810
3276,S26T25R04,748
3277,S26T25R05,805
3278,S26T26R01,799
3279,S26T26R02,787
3280,S26T26R03,790
3281,S26T26R04,846
3282,S26T26R05,871
3283,S26T27R01,801
3284,S26T27R02,782
3285,S26T27R03,781
3286,S26T27R04,780
3287,S26T27R05,726
3288,S26T28R01,890
3289,S26T28R02,858
3290,S26T28R03,824
3291,S26T28R04,810
3292,S26T28R05,824
3293,S26T29R01,969
3294,S26T29R02,904
3295,S26T29R03,811
3296,S26T29R04,901
3297,S26T29R05,934
3298,S26T30R01,643
3299,S26T30R02,640
3300,S26T30R03,692
3301,S26T30R04,719
3302,S26T30R05,651
3303,S26T31R01,636
3304,S26T31R02,675
3305,S26T31R03,629
3306,S26T31R04,661
3307,S26T31R05,700
3308,S26T32R01,672
3309,S26T32R02,651
3310,S26T32R03,685
3311,S26T32R04,668
3312,S26T32R05,664
3313,S26T33R01,738
3314,S26T33R02,722
3315,S26T33R03,729
3316,S26T33R04,752
3317,S26T33R05,748
3318,S26T34R01,811
3319,S26T34R02,774
3320,S26T34R03,780
3321,S26T34R04,781
3322,S26T34R05,786
3323,S26T35R01,1018
3324,S26T35R02,1269
3325,S26T35R03,1164
3326,S26T35R05,1148
3327,S26T36R01,758
3328,S26T36R02,891
3329,S26T36R03,878
3330,S26T36R04,856
3331,S26T36R05,962
3332,S27T01R01,3022
3333,S27T02R01,539
3334,S27T02R02,534
3335,S27T02R03,553
3336,S27T02R04,509
3337,S27T02R05,605
3338,S27T03R01,459
3339,S27T03R02,471
3340,S27T03R03,462
3341,S27T03R04,473
3342,S27T03R05,553
3343,S27T04R01,239
3344,S27T04R02,300
3345,S27T04R03,298
3346,S27T04R04,301
3347,S27T04R05,433
3348,S27T05R01,702
3349,S27T05R02,689
3350,S27T05R03,720
3351,S27T05R04,696
3352,S27T05R05,800
3353,S27T06R01,1099
3354,S27T06R02,1165
3355,S27T06R03,1163
3356,S27T06R04,1110
3357,S27T06R05,1226
3358,S27T07R01,832
3359,S27T07R02,931
3360,S27T07R03,1016
3361,S27T07R05,1020
3362,S27T08R01,848
3363,S27T08R02,932
3364,S27T08R03,908
3365,S27T08R04,883
3366,S27T08R05,984
3367,S27T09R01,737
3368,S27T09R02,748
3369,S27T09R03,778
3370,S27T09R04,761
3371,S27T09R05,852
3372,S27T10R01,718
3373,S27T10R02,773
3374,S27T10R03,751
3375,S27T10R04,795
3376,S27T10R05,884
3377,S27T11R01,3012
3378,S27T12R01,3024
3379,S27T13R01,449
3380,S27T13R02,502
3381,S27T13R03,517
3382,S27T13R04,472
3383,S27T13R05,620
3384,S27T14R01,480
3385,S27T14R02,457
3386,S27T14R03,444
3387,S27T14R04,511
3388,S27T15R01,524
3389,S27T15R02,541
3390,S27T15R03,613
3391,S27T15R04,581
3392,S27T15R05,628
3393,S27T16R02,652
3394,S27T16R03,631
3395,S27T16R04,620
3396,S27T16R05,716
3397,S27T17R01,3024
3398,S27T18R01,760
3399,S27T18R02,698
3400,S27T18R03,631
3401,S27T18R04,677
3402,S27T18R05,776
3403,S27T19R01,521
3404,S27T19R02,527
3405,S27T19R03,563
3406,S27T19R04,650
3407,S27T20R01,657
3408,S27T20R02,815
3409,S27T20R03,876
3410,S27T20R04,998
3411,S27T20R05,806
3412,S27T21R01,877
3413,S27T21R02,988
3414,S27T21R03,961
3415,S27T21R05,872
3416,S27T22R01,866
3417,S27T22R03,902
3418,S27T22R04,833
3419,S27T22R05,939
3420,S27T23R01,918
3421,S27T23R02,991
3422,S27T23R03,931
3423,S27T23R04,915
3424,S27T24R01,940
3425,S27T24R02,941
3426,S27T24R03,1017
3427,S27T24R04,806
3428,S27T24R05,861
3429,S27T25R01,761
3430,S27T25R02,764
3431,S27T25R03,794
3432,S27T25R04,811
3433,S27T25R05,755
3434,S27T26R01,726
3435,S27T26R02,714
3436,S27T26R03,768
3437,S27T26R04,774
3438,S27T26R05,819
3439,S27T27R01,772
3440,S27T27R02,819
3441,S27T27R03,753
3442,S27T27R04,711
3443,S27T27R05,743
3444,S27T28R01,832
3445,S27T28R02,808
3446,S27T28R03,845
3447,S27T28R04,873
3448,S27T28R05,851
3449,S27T29R01,1001
3450,S27T29R02,1033
3451,S27T29R03,1000
3452,S27T29R04,1075
3453,S27T29R05,1076
3454,S27T30R01,801
3455,S27T30R02,796
3456,S27T30R03,763
3457,S27T30R04,715
3458,S27T30R05,776
3459,S27T31R01,637
3460,S27T31R02,600
3461,S27T31R03,617
3462,S27T31R04,732
3463,S27T31R05,615
3464,S27T32R01,719
3465,S27T32R02,712
3466,S27T32R03,768
3467,S27T32R04,827
3468,S27T32R05,841
3469,S27T33R01,818
3470,S27T33R02,805
3471,S27T33R03,784
3472,S27T33R04,805
3473,S27T33R05,695
3474,S27T34R01,853
3475,S27T34R02,818
3476,S27T34R03,802
3477,S27T34R04,884
3478,S27T34R05,862
3479,S27T35R01,1021
3480,S27T35R02,1026
3481,S27T35R03,1009
3482,S27T35R04,993
3483,S27T35R05,998
3484,S27T36R01,783
3485,S27T36R02,859
3486,S27T36R03,869
3487,S27T36R04,866
3488,S27T36R05,957
3489,S28T01R01,3385
3490,S28T02R01,509
3491,S28T02R02,553
3492,S28T02R03,498
3493,S28T02R04,548
3494,S28T02R05,613
3495,S28T03R01,428
3496,S28T03R02,463
3497,S28T03R03,454
3498,S28T03R04,429
3499,S28T03R05,537
3500,S28T04R01,284
3501,S28T04R02,316
3502,S28T04R03,314
3503,S28T04R04,317
3504,S28T04R05,430
3505,S28T05R01,712
3506,S28T05R02,738
3507,S28T05R03,735
3508,S28T05R04,715
3509,S28T05R05,857
3510,S28T06R01,1018
3511,S28T06R02,1188
3512,S28T06R03,1165
3513,S28T06R04,1116
3514,S28T06R05,1235
3515,S28T07R01,806
3516,S28T07R02,889
3517,S28T07R03,949
3518,S28T07R04,957
3519,S28T07R05,1086
3520,S28T08R01,796
3521,S28T08R02,837
3522,S28T08R03,818
3523,S28T08R04,822
3524,S28T08R05,914
3525,S28T09R01,655
3526,S28T09R02,699
3527,S28T09R03,729
3528,S28T09R04,724
3529,S28T09R05,713
3530,S28T10R01,635
3531,S28T10R02,615
3532,S28T10R03,639
3533,S28T10R04,619
3534,S28T10R05,724
3535,S28T11R01,3048
3536,S28T12R01,3028
3537,S28T13R01,526
3538,S28T13R02,555
3539,S28T13R03,541
3540,S28T13R04,553
3541,S28T13R05,674
3542,S28T14R01,425
3543,S28T14R02,499
3544,S28T14R03,466
3545,S28T14R04,534
3546,S28T14R05,617
3547,S28T15R01,344
3548,S28T15R02,421
3549,S28T15R03,428
3550,S28T15R04,492
3551,S28T15R05,495
3552,S28T16R01,641
3553,S28T16R02,669
3554,S28T16R03,692
3555,S28T16R04,661
3556,S28T16R05,661
3557,S28T17R01,3046
3558,S28T18R01,612
3559,S28T18R02,757
3560,S28T18R04,656
3561,S28T18R05,833
3562,S28T19R01,539
3563,S28T19R02,611
3564,S28T19R03,633
3565,S28T19R04,679
3566,S28T19R05,731
3567,S28T20R01,531
3568,S28T20R02,687
3569,S28T20R03,700
3570,S28T20R04,746
3571,S28T20R05,762
3572,S28T21R01,810
3573,S28T21R02,772
3574,S28T21R03,799
3575,S28T21R04,794
3576,S28T21R05,785
3577,S28T22R01,824
3578,S28T22R02,827
3579,S28T22R03,753
3580,S28T22R04,832
3581,S28T22R05,775
3582,S28T23R01,829
3583,S28T23R02,821
3584,S28T23R04,880
3585,S28T23R05,830
3586,S28T24R01,878
3587,S28T24R02,826
3588,S28T24R03,912
3589,S28T24R04,841
3590,S28T24R05,854
3591,S28T25R01,888
3592,S28T25R02,914
3593,S28T25R03,854
3594,S28T25R04,925
3595,S28T25R05,965
3596,S28T26R01,816
3597,S28T26R02,814
3598,S28T26R03,808
3599,S28T26R04,865
3600,S28T26R05,863
3601,S28T27R01,826
3602,S28T27R02,777
3603,S28T27R03,752
3604,S28T27R04,833
3605,S28T27R05,851
3606,S28T28R01,895
3607,S28T28R02,875
3608,S28T28R03,808
3609,S28T28R05,926
3610,S28T29R01,1066
3611,S28T29R02,988
3612,S28T29R03,1001
3613,S28T29R05,966
3614,S28T30R01,805
3615,S28T30R02,757
3616,S28T30R03,839
3617,S28T30R04,822
3618,S28T30R05,736
3619,S28T31R01,698
3620,S28T31R02,744
3621,S28T31R03,668
3622,S28T31R04,672
3623,S28T32R01,885
3624,S28T32R02,773
3625,S28T32R03,803
3626,S28T32R04,793
3627,S28T32R05,767
3628,S28T33R02,818
3629,S28T33R03,789
3630,S28T33R04,853
3631,S28T33R05,589
3632,S28T34R01,977
3633,S28T34R02,894
3634,S28T34R03,925
3635,S28T34R04,913
3636,S28T34R05,1026
3637,S28T35R02,969
3638,S28T35R03,1005
3639,S28T35R05,1139
3640,S28T36R01,814
3641,S28T36R02,773
3642,S28T36R03,796
3643,S28T36R04,766
3644,S28T36R05,908
3645,S29T01R01,2953
3646,S29T02R01,667
3647,S29T02R02,742
3648,S29T02R03,645
3649,S29T03R01,426
3650,S29T03R02,454
3651,S29T03R03,431
3652,S29T03R04,425
3653,S29T03R05,533
3654,S29T04R01,332
3655,S29T04R02,361
3656,S29T04R03,361
3657,S29T04R04,322
3658,S29T04R05,478
3659,S29T05R01,728
3660,S29T05R02,740
3661,S29T05R03,846
3662,S29T05R04,775
3663,S29T05R05,875
3664,S29T06R01,1222
3665,S29T06R02,1325
3666,S29T06R03,1278
3667,S29T06R04,1401
3668,S29T06R05,1420
3669,S29T07R01,1003
3670,S29T07R02,1141
3671,S29T07R03,1170
3672,S29T07R04,1103
3673,S29T07R05,1088
3674,S29T08R01,878
3675,S29T08R02,893
3676,S29T08R03,922
3677,S29T08R04,841
3678,S29T09R01,666
3679,S29T09R02,782
3680,S29T09R03,740
3681,S29T09R04,754
3682,S29T09R05,904
3683,S29T10R01,777
3684,S29T10R02,842
3685,S29T10R03,832
3686,S29T10R04,783
3687,S29T10R05,814
3688,S29T11R01,3136
3689,S29T12R01,3138
3690,S29T13R01,588
3691,S29T13R02,632
3692,S29T13R03,617
3693,S29T13R04,531
3694,S29T13R05,659
3695,S29T14R01,439
3696,S29T14R02,424
3697,S29T14R03,443
3698,S29T14R04,467
3699,S29T14R05,531
3700,S29T15R01,478
3701,S29T15R02,433
3702,S29T15R03,514
3703,S29T15R04,463
3704,S29T15R05,566
3705,S29T16R01,630
3706,S29T16R02,670
3707,S29T16R03,719
3708,S29T16R04,770
3709,S29T16R05,754
3710,S29T17R01,3147
3711,S29T18R01,829
3712,S29T18R02,794
3713,S29T18R03,771
3714,S29T18R04,759
3715,S29T18R05,726
3716,S29T19R01,513
3717,S29T19R02,558
3718,S29T19R03,520
3719,S29T19R05,655
3720,S29T20R01,816
3721,S29T20R02,797
3722,S29T20R03,815
3723,S29T20R04,806
3724,S29T20R05,829
3725,S29T21R01,715
3726,S29T21R02,746
3727,S29T21R03,694
3728,S29T21R04,747
3729,S29T21R05,718
3730,S29T22R01,759
3731,S29T22R02,803
3732,S29T22R03,856
3733,S29T22R04,763
3734,S29T22R05,751
3735,S29T23R01,831
3736,S29T23R02,921
3737,S29T23R03,864
3738,S29T23R04,914
3739,S29T23R05,982
3740,S29T24R01,873
3741,S29T24R02,879
3742,S29T24R03,870
3743,S29T24R05,880
3744,S29T25R01,866
3745,S29T25R02,776
3746,S29T25R03,770
3747,S29T25R04,816
3748,S29T25R05,835
3749,S29T26R01,746
3750,S29T26R02,784
3751,S29T26R03,788
3752,S29T26R04,832
3753,S29T26R05,830
3754,S29T27R01,734
3755,S29T27R02,770
3756,S29T27R03,750
3757,S29T27R04,753
3758,S29T27R05,704
3759,S29T28R01,915
3760,S29T28R02,841
3761,S29T28R03,840
3762,S29T28R04,745
3763,S29T28R05,779
3764,S29T29R01,977
3765,S29T29R02,950
3766,S29T29R03,876
3767,S29T29R04,931
3768,S29T29R05,941
3769,S29T30R01,768
3770,S29T30R02,763
3771,S29T30R03,701
3772,S29T30R04,725
3773,S29T30R05,733
3774,S29T31R01,645
3775,S29T31R02,614
3776,S29T31R03,679
3777,S29T31R04,676
3778,S29T31R05,616
3779,S29T32R01,694
3780,S29T32R02,698
3781,S29T32R03,699
3782,S29T32R04,701
3783,S29T32R05,704
3784,S29T33R01,808
3785,S29T33R02,723
3786,S29T33R03,758
3787,S29T33R04,722
3788,S29T33R05,726
3789,S29T34R01,822
3790,S29T34R02,836
3791,S29T34R03,845
3792,S29T34R04,846
3793,S29T34R05,848
3794,S29T35R01,926
3795,S29T35R02,977
3796,S29T35R04,960
3797,S29T35R05,1044
3798,S29T36R01,765
3799,S29T36R02,693
3800,S29T36R03,722
3801,S29T36R04,699
3802,S29T36R05,763
3803,S30T01R01,3138
3804,S30T02R01,545
3805,S30T02R02,564
3806,S30T02R03,574
3807,S30T02R04,564
3808,S30T02R05,668
3809,S30T03R01,356
3810,S30T03R02,416
3811,S30T03R03,394
3812,S30T03R04,412
3813,S30T03R05,523
3814,S30T04R01,307
3815,S30T04R02,310
3816,S30T04R03,278
3817,S30T04R04,321
3818,S30T04R05,393
3819,S30T05R01,695
3820,S30T05R02,618
3821,S30T05R03,644
3822,S30T05R04,703
3823,S30T05R05,756
3824,S30T06R01,886
3825,S30T06R02,955
3826,S30T06R03,1056
3827,S30T06R04,1009
3828,S30T06R05,1098
3829,S30T07R01,687
3830,S30T07R02,772
3831,S30T07R03,757
3832,S30T07R04,798
3833,S30T07R05,851
3834,S30T08R01,703
3835,S30T08R02,697
3836,S30T08R03,724
3837,S30T08R04,723
3838,S30T08R05,839
3839,S30T09R01,585
3840,S30T09R02,642
3841,S30T09R03,691
3842,S30T09R04,670
3843,S30T09R05,775
3844,S30T10R01,587
3845,S30T10R02,590
3846,S30T10R03,657
3847,S30T10R04,588
3848,S30T10R05,721
3849,S30T11R01,3073
3850,S30T12R01,3151
3851,S30T13R01,519
3852,S30T13R02,516
3853,S30T13R03,491
3854,S30T13R04,516
3855,S30T13R05,560
3856,S30T14R01,386
3857,S30T14R02,422
3858,S30T14R03,439
3859,S30T14R04,448
3860,S30T14R05,486
3861,S30T15R01,368
3862,S30T15R02,435
3863,S30T15R03,464
3864,S30T15R04,463
3865,S30T15R05,553
3866,S30T16R01,544
3867,S30T16R02,567
3868,S30T16R03,538
3869,S30T16R04,511
3870,S30T16R05,589
3871,S30T17R01,3117
3872,S30T18R01,676
3873,S30T18R02,716
3874,S30T18R03,700
3875,S30T18R04,740
3876,S30T19R01,510
3877,S30T19R02,513
3878,S30T19R03,587
3879,S30T19R04,522
3880,S30T19R05,604
3881,S30T20R01,721
3882,S30T20R02,702
3883,S30T20R03,722
3884,S30T20R04,691
3885,S30T20R05,716
3886,S30T21R01,703
3887,S30T21R02,720
3888,S30T21R03,711
3889,S30T21R04,718
3890,S30T21R05,688
3891,S30T22R01,739
3892,S30T22R02,725
3893,S30T22R03,757
3894,S30T22R04,725
3895,S30T22R05,725
3896,S30T23R01,731
3897,S30T23R02,798
3898,S30T23R03,780
3899,S30T23R04,806
3900,S30T23R05,802
3901,S30T24R01,792
3902,S30T24R02,826
3903,S30T24R03,802
3904,S30T24R04,799
3905,S30T24R05,770
3906,S30T25R01,840
3907,S30T25R02,735
3908,S30T25R03,828
3909,S30T25R04,807
3910,S30T25R05,786
3911,S30T26R01,776
3912,S30T26R02,766
3913,S30T26R03,780
3914,S30T26R04,763
3915,S30T26R05,753
3916,S30T27R01,682
3917,S30T27R02,778
3918,S30T27R03,708
3919,S30T27R04,736
3920,S30T27R05,753
3921,S30T28R01,885
3922,S30T28R02,779
3923,S30T28R03,816
3924,S30T28R04,826
3925,S30T28R05,785
3926,S30T29R01,765
3927,S30T29R02,763
3928,S30T29R03,816
3929,S30T29R05,770
3930,S30T30R01,652
3931,S30T30R02,646
3932,S30T30R03,652
3933,S30T30R04,697
3934,S30T30R05,648
3935,S30T31R01,659
3936,S30T31R02,653
3937,S30T31R03,628
3938,S30T31R04,661
3939,S30T31R05,667
3940,S30T32R01,653
3941,S30T32R02,671
3942,S30T32R03,706
3943,S30T32R04,664
3944,S30T32R05,723
3945,S30T33R01,722
3946,S30T33R02,753
3947,S30T33R03,731
3948,S30T33R04,708
3949,S30T33R05,700
3950,S30T34R01,663
3951,S30T34R02,739
3952,S30T34R03,649
3953,S30T34R04,700
3954,S30T34R05,655
3955,S30T35R02,1020
3956,S30T35R03,971
3957,S30T35R04,1054
3958,S30T35R05,1163
3959,S30T36R01,720
3960,S30T36R02,781
3961,S30T36R03,810
3962,S30T36R04,855
3963,S30T36R05,898
3964,S31T01R01,3073
3965,S31T02R01,582
3966,S31T02R02,580
3967,S31T02R03,609
3968,S31T02R04,618
3969,S31T02R05,668
3970,S31T03R01,461
3971,S31T03R02,482
3972,S31T03R03,511
3973,S31T03R04,495
3974,S31T03R05,552
3975,S31T04R01,308
3976,S31T04R02,354
3977,S31T04R03,339
3978,S31T04R04,332
3979,S31T04R05,392
3980,S31T05R01,781
3981,S31T05R02,790
3982,S31T05R03,844
3983,S31T05R04,830
3984,S31T05R05,909
3985,S31T06R01,1040
3986,S31T06R02,1158
3987,S31T06R03,1141
3988,S31T06R05,1216
3989,S31T07R01,1001
3990,S31T07R02,1004
3991,S31T07R03,922
3992,S31T07R04,966
3993,S31T07R05,1053
3994,S31T08R01,774
3995,S31T08R02,871
3996,S31T08R03,842
3997,S31T08R04,882
3998,S31T08R05,938
3999,S31T09R01,663
4000,S31T09R02,789
4001,S31T09R03,764
4002,S31T09R04,790
4003,S31T09R05,891
4004,S31T10R01,629
4005,S31T10R02,711
4006,S31T10R03,757
4007,S31T10R04,694
4008,S31T10R05,863
4009,S31T11R01,3106
4010,S31T12R01,3100
4011,S31T13R01,706
4012,S31T13R02,550
4013,S31T13R03,590
4014,S31T13R04,595
4015,S31T14R01,497
4016,S31T14R02,507
4017,S31T14R03,454
4018,S31T14R04,454
4019,S31T14R05,499
4020,S31T15R01,374
4021,S31T15R02,466
4022,S31T15R03,402
4023,S31T15R04,383
4024,S31T15R05,440
4025,S31T16R01,653
4026,S31T16R02,634
4027,S31T16R03,614
4028,S31T16R04,622
4029,S31T16R05,629
4030,S31T17R01,3091
4031,S31T18R01,697
4032,S31T18R02,760
4033,S31T18R03,705
4034,S31T18R04,687
4035,S31T18R05,764
4036,S31T19R01,600
4037,S31T19R02,565
4038,S31T19R03,570
4039,S31T19R04,562
4040,S31T19R05,622
4041,S31T20R01,764
4042,S31T20R02,811
4043,S31T20R03,711
4044,S31T20R04,632
4045,S31T20R05,716
4046,S31T21R01,695
4047,S31T21R02,688
4048,S31T21R03,651
4049,S31T21R04,687
4050,S31T21R05,683
4051,S31T22R01,673
4052,S31T22R02,671
4053,S31T22R03,714
4054,S31T22R04,726
4055,S31T22R05,708
4056,S31T23R01,695
4057,S31T23R02,757
4058,S31T23R03,757
4059,S31T23R04,782
4060,S31T23R05,773
4061,S31T24R01,719
4062,S31T24R02,731
4063,S31T24R03,740
4064,S31T24R04,767
4065,S31T24R05,782
4066,S31T25R01,713
4067,S31T25R02,712
4068,S31T25R03,710
4069,S31T25R04,775
4070,S31T25R05,731
4071,S31T26R01,654
4072,S31T26R02,691
4073,S31T26R03,687
4074,S31T26R04,696
4075,S31T26R05,699
4076,S31T27R01,653
4077,S31T27R02,649
4078,S31T27R03,693
4079,S31T27R04,688
4080,S31T27R05,690
4081,S31T28R01,848
4082,S31T28R02,760
4083,S31T28R03,746
4084,S31T28R04,800
4085,S31T29R01,825
4086,S31T29R03,830
4087,S31T29R04,823
4088,S31T29R05,846
4089,S31T30R01,641
4090,S31T30R02,678
4091,S31T30R03,685
4092,S31T30R04,675
4093,S31T30R05,663
4094,S31T31R01,555
4095,S31T31R02,589
4096,S31T31R04,587
4097,S31T31R05,605
4098,S31T32R01,578
4099,S31T32R02,595
4100,S31T32R03,600
4101,S31T32R04,613
4102,S31T32R05,614
4103,S31T33R01,706
4104,S31T33R02,690
4105,S31T33R03,671
4106,S31T33R04,639
4107,S31T33R05,691
4108,S31T34R01,715
4109,S31T34R04,707
4110,S31T34R05,733
4111,S31T35R01,1176
4112,S31T35R02,1130
4113,S31T35R04,1007
4114,S31T35R05,1050
4115,S31T36R01,771
4116,S31T36R02,874
4117,S31T36R03,834
4118,S31T36R04,845
4119,S31T36R05,859
4120,S32T01R01,2892
4121,S32T02R01,550
4122,S32T02R02,552
4123,S32T02R03,555
4124,S32T02R04,566
4125,S32T02R05,674
4126,S32T03R01,438
4127,S32T03R02,382
4128,S32T03R03,357
4129,S32T03R04,373
4130,S32T03R05,458
4131,S32T04R01,248
4132,S32T04R02,279
4133,S32T04R03,278
4134,S32T04R04,260
4135,S32T04R05,341
4136,S32T05R01,718
4137,S32T05R02,682
4138,S32T05R03,677
4139,S32T05R04,718
4140,S32T05R05,838
4141,S32T06R01,952
4142,S32T06R02,1049
4143,S32T06R03,982
4144,S32T06R04,1058
4145,S32T06R05,1068
4146,S32T07R01,719
4147,S32T07R02,809
4148,S32T07R03,807
4149,S32T07R04,773
4150,S32T07R05,879
4151,S32T08R01,660
4152,S32T08R02,708
4153,S32T08R03,778
4154,S32T08R04,709
4155,S32T08R05,853
4156,S32T09R01,575
4157,S32T09R02,750
4158,S32T09R03,648
4159,S32T09R04,640
4160,S32T09R05,751
4161,S32T10R01,503
4162,S32T10R02,589
4163,S32T10R03,558
4164,S32T10R04,564
4165,S32T10R05,579
4166,S32T10R06,656
4167,S32T11R01,3026
4168,S32T12R01,3025
4169,S32T13R01,650
4170,S32T13R02,730
4171,S32T13R03,709
4172,S32T13R04,680
4173,S32T13R05,804
4174,S32T14R01,483
4175,S32T14R02,525
4176,S32T14R03,526
4177,S32T14R04,518
4178,S32T14R05,629
4179,S32T15R01,389
4180,S32T15R02,470
4181,S32T15R03,436
4182,S32T15R04,411
4183,S32T15R05,549
4184,S32T16R01,669
4185,S32T16R02,680
4186,S32T16R03,694
4187,S32T16R04,636
4188,S32T17R01,3029
4189,S32T18R01,808
4190,S32T18R02,729
4191,S32T18R03,801
4192,S32T18R04,764
4193,S32T18R05,862
4194,S32T19R01,597
4195,S32T19R02,626
4196,S32T19R03,654
4197,S32T19R04,689
4198,S32T19R05,743
4199,S32T20R01,730
4200,S32T20R02,713
4201,S32T20R03,734
4202,S32T20R04,743
4203,S32T20R05,727
4204,S32T21R01,725
4205,S32T21R02,680
4206,S32T21R03,709
4207,S32T21R04,735
4208,S32T21R05,700
4209,S32T22R01,717
4210,S32T22R02,757
4211,S32T22R03,750
4212,S32T22R04,816
4213,S32T22R05,763
4214,S32T23R01,762
4215,S32T23R02,795
4216,S32T23R03,778
4217,S32T23R04,837
4218,S32T23R05,808
4219,S32T24R01,766
4220,S32T24R02,817
4221,S32T24R03,826
4222,S32T24R04,834
4223,S32T24R05,802
4224,S32T25R01,716
4225,S32T25R02,724
4226,S32T25R03,793
4227,S32T25R04,771
4228,S32T25R05,718
4229,S32T26R01,720
4230,S32T26R02,764
4231,S32T26R03,784
4232,S32T26R04,765
4233,S32T26R05,755
4234,S32T27R01,691
4235,S32T27R02,738
4236,S32T27R03,747
4237,S32T27R04,780
4238,S32T27R05,748
4239,S32T28R01,771
4240,S32T28R02,811
4241,S32T28R03,795
4242,S32T28R04,732
4243,S32T28R05,767
4244,S32T29R01,941
4245,S32T29R02,902
4246,S32T29R03,892
4247,S32T29R04,828
4248,S32T29R05,896
4249,S32T30R01,653
4250,S32T30R02,670
4251,S32T30R03,681
4252,S32T30R04,681
4253,S32T30R05,661
4254,S32T31R01,618
4255,S32T31R02,684
4256,S32T31R03,633
4257,S32T31R04,658
4258,S32T31R05,616
4259,S32T32R01,681
4260,S32T32R02,645
4261,S32T32R03,610
4262,S32T32R04,657
4263,S32T32R05,646
4264,S32T33R01,707
4265,S32T33R02,661
4266,S32T33R03,718
4267,S32T33R04,697
4268,S32T33R05,711
4269,S32T34R01,718
4270,S32T34R02,727
4271,S32T34R03,739
4272,S32T34R04,755
4273,S32T34R05,729
4274,S32T35R01,1157
4275,S32T35R02,977
4276,S32T35R03,941
4277,S32T35R04,840
4278,S32T35R05,1139
4279,S32T36R02,727
4280,S32T36R03,716
4281,S32T36R04,708
4282,S32T36R05,828
4283,S33T01R01,3232
4284,S33T02R01,477
4285,S33T02R02,502
4286,S33T02R03,511
4287,S33T02R04,466
4288,S33T02R05,538
4289,S33T03R01,327
4290,S33T03R02,407
4291,S33T03R03,376
4292,S33T03R04,395
4293,S33T03R05,432
4294,S33T04R01,310
4295,S33T04R02,311
4296,S33T04R03,312
4297,S33T04R04,330
4298,S33T04R05,415
4299,S33T05R01,616
4300,S33T05R02,698
4301,S33T05R03,633
4302,S33T05R04,674
4303,S33T05R05,699
4304,S33T06R01,1061
4305,S33T06R02,1176
4306,S33T06R03,1171
4307,S33T06R04,1215
4308,S33T06R05,1189
4309,S33T07R01,807
4310,S33T07R02,965
4311,S33T07R03,971
4312,S33T07R04,1019
4313,S33T07R05,1081
4314,S33T08R01,726
4315,S33T08R02,856
4316,S33T08R03,893
4317,S33T08R04,904
4318,S33T08R05,944
4319,S33T09R01,611
4320,S33T09R02,719
4321,S33T09R03,788
4322,S33T09R04,808
4323,S33T09R05,870
4324,S33T10R01,671
4325,S33T10R02,683
4326,S33T10R03,719
4327,S33T10R04,615
4328,S33T10R05,661
4329,S33T11R01,3114
4330,S33T12R01,3049
4331,S33T13R01,409
4332,S33T13R02,450
4333,S33T13R03,466
4334,S33T13R04,478
4335,S33T13R05,549
4336,S33T14R01,320
4337,S33T14R02,395
4338,S33T14R03,382
4339,S33T14R04,385
4340,S33T14R05,450
4341,S33T15R01,413
4342,S33T15R02,470
4343,S33T15R03,531
4344,S33T15R04,484
4345,S33T15R05,641
4346,S33T16R01,450
4347,S33T16R02,482
4348,S33T16R03,444
4349,S33T16R04,454
4350,S33T16R05,532
4351,S33T17R01,2908
4352,S33T18R01,445
4353,S33T18R02,469
4354,S33T18R03,466
4355,S33T18R05,558
4356,S33T19R01,372
4357,S33T19R02,431
4358,S33T19R03,437
4359,S33T19R04,430
4360,S33T19R05,546
4361,S33T20R01,685
4362,S33T20R02,714
4363,S33T20R03,757
4364,S33T20R04,700
4365,S33T20R05,696
4366,S33T21R01,625
4367,S33T21R02,651
4368,S33T21R03,648
4369,S33T21R04,637
4370,S33T21R05,649
4371,S33T22R01,604
4372,S33T22R02,641
4373,S33T22R03,648
4374,S33T22R04,641
4375,S33T22R05,700
4376,S33T23R01,691
4377,S33T23R03,689
4378,S33T23R04,708
4379,S33T23R05,689
4380,S33T24R01,687
4381,S33T24R02,686
4382,S33T24R03,705
4383,S33T24R04,725
4384,S33T24R05,690
4385,S33T25R01,679
4386,S33T25R02,668
4387,S33T25R03,694
4388,S33T25R04,700
4389,S33T25R05,723
4390,S33T26R01,676
4391,S33T26R02,695
4392,S33T26R03,666
4393,S33T26R04,675
4394,S33T26R05,687
4395,S33T27R01,645
4396,S33T27R02,670
4397,S33T27R03,676
4398,S33T27R04,686
4399,S33T27R05,677
4400,S33T28R01,680
4401,S33T28R02,672
4402,S33T28R03,685
4403,S33T28R04,660
4404,S33T28R05,762
4405,S33T29R01,779
4406,S33T29R02,820
4407,S33T29R03,856
4408,S33T29R04,815
4409,S33T29R05,859
4410,S33T30R01,606
4411,S33T30R02,591
4412,S33T30R03,662
4413,S33T30R04,653
4414,S33T30R05,647
4415,S33T31R01,519
4416,S33T31R02,527
4417,S33T31R03,615
4418,S33T31R04,611
4419,S33T31R05,557
4420,S33T32R01,675
4421,S33T32R02,599
4422,S33T32R03,756
4423,S33T32R04,692
4424,S33T32R05,741
4425,S33T33R01,724
4426,S33T33R02,736
4427,S33T33R03,662
4428,S33T33R04,714
4429,S33T33R05,721
4430,S33T34R01,747
4431,S33T34R02,820
4432,S33T34R03,772
4433,S33T34R04,801
4434,S33T34R05,815
4435,S33T35R01,1004
4436,S33T35R02,1063
4437,S33T35R03,1062
4438,S33T35R04,1096
4439,S33T35R05,1114
4440,S33T36R01,720
4441,S33T36R02,755
4442,S33T36R03,824
4443,S33T36R04,802
4444,S33T36R05,885
4445,S35T01R01,3017
4446,S35T02R01,513
4447,S35T02R02,527
4448,S35T02R03,583
4449,S35T02R04,618
4450,S35T02R05,651
4451,S35T03R01,400
4452,S35T03R02,402
4453,S35T03R03,368
4454,S35T03R04,403
4455,S35T03R05,451
4456,S35T04R01,252
4457,S35T04R02,331
4458,S35T04R03,304
4459,S35T04R04,306
4460,S35T04R05,376
4461,S35T05R01,752
4462,S35T05R02,791
4463,S35T05R03,777
4464,S35T05R04,748
4465,S35T06R01,1015
4466,S35T06R02,1045
4467,S35T06R03,1052
4468,S35T06R04,1042
4469,S35T06R05,1113
4470,S35T07R01,805
4471,S35T07R02,875
4472,S35T07R03,849
4473,S35T07R04,873
4474,S35T07R05,961
4475,S35T08R01,785
4476,S35T08R02,902
4477,S35T08R03,860
4478,S35T08R04,847
4479,S35T08R05,1018
4480,S35T09R01,765
4481,S35T09R02,750
4482,S35T09R03,775
4483,S35T09R04,809
4484,S35T09R05,849
4485,S35T10R01,586
4486,S35T10R03,590
4487,S35T10R04,645
4488,S35T10R05,666
4489,S35T11R01,3040
4490,S35T12R01,3014
4491,S35T13R01,583
4492,S35T13R02,602
4493,S35T13R03,623
4494,S35T13R04,649
4495,S35T13R05,709
4496,S35T14R01,485
4497,S35T14R02,449
4498,S35T14R03,446
4499,S35T14R04,456
4500,S35T14R05,543
4501,S35T15R01,403
4502,S35T15R02,418
4503,S35T15R03,437
4504,S35T15R04,425
4505,S35T15R05,513
4506,S35T16R01,653
4507,S35T16R02,633
4508,S35T16R03,610
4509,S35T16R04,637
4510,S35T16R05,673
4511,S35T17R01,3021
4512,S35T18R01,667
4513,S35T18R02,675
4514,S35T18R03,618
4515,S35T18R04,650
4516,S35T18R05,652
4517,S35T19R01,466
4518,S35T19R02,485
4519,S35T19R03,526
4520,S35T19R04,472
4521,S35T19R05,631
4522,S35T20R01,643
4523,S35T20R02,632
4524,S35T20R03,665
4525,S35T20R04,684
4526,S35T20R05,755
4527,S35T21R01,625
4528,S35T21R02,668
4529,S35T21R03,670
4530,S35T21R04,650
4531,S35T21R05,683
4532,S35T22R01,699
4533,S35T22R02,724
4534,S35T22R03,771
4535,S35T22R04,765
4536,S35T22R05,733
4537,S35T23R01,853
4538,S35T23R02,898
4539,S35T23R03,954
4540,S35T23R04,830
4541,S35T23R05,844
4542,S35T24R01,767
4543,S35T24R02,821
4544,S35T24R03,824
4545,S35T24R04,832
4546,S35T24R05,844
4547,S35T25R01,814
4548,S35T25R02,783
4549,S35T25R03,841
4550,S35T25R04,919
4551,S35T25R05,890
4552,S35T26R01,876
4553,S35T26R02,912
4554,S35T26R03,857
4555,S35T26R04,836
4556,S35T26R05,773
4557,S35T27R01,731
4558,S35T27R02,794
4559,S35T27R03,760
4560,S35T27R04,785
4561,S35T27R05,805
4562,S35T28R01,931
4563,S35T28R02,941
4564,S35T28R03,900
4565,S35T28R04,925
4566,S35T28R05,912
4567,S35T29R01,953
4568,S35T29R02,958
4569,S35T29R03,963
4570,S35T29R04,899
4571,S35T29R05,944
4572,S35T30R01,964
4573,S35T30R02,669
4574,S35T30R03,684
4575,S35T30R04,702
4576,S35T30R05,678
4577,S35T31R01,624
4578,S35T31R02,635
4579,S35T31R03,637
4580,S35T31R04,663
4581,S35T31R05,653
4582,S35T32R01,674
4583,S35T32R02,665
4584,S35T32R03,727
4585,S35T32R04,707
4586,S35T32R05,699
4587,S35T33R01,730
4588,S35T33R02,582
4589,S35T33R03,752
4590,S35T33R04,768
4591,S35T33R05,723
4592,S35T34R01,848
4593,S35T34R02,776
4594,S35T34R04,704
4595,S35T34R05,767
4596,S35T35R01,1001
4597,S35T35R02,1027
4598,S35T35R03,1085
4599,S35T35R05,1088
4600,S35T36R01,780
4601,S35T36R02,800
4602,S35T36R03,771
4603,S35T36R04,823
4604,S35T36R05,850
4605,S36T01R01,3046
4606,S36T02R01,515
4607,S36T02R02,609
4608,S36T02R03,572
4609,S36T02R04,573
4610,S36T02R05,642
4611,S36T03R01,317
4612,S36T03R02,354
4613,S36T03R03,373
4614,S36T03R04,419
4615,S36T03R05,419
4616,S36T04R01,204
4617,S36T04R02,244
4618,S36T04R03,248
4619,S36T04R04,225
4620,S36T04R05,256
4621,S36T05R02,672
4622,S36T05R03,739
4623,S36T05R04,771
4624,S36T06R01,1160
4625,S36T06R02,1096
4626,S36T06R03,1053
4627,S36T06R04,1051
4628,S36T06R05,1127
4629,S36T07R01,782
4630,S36T07R02,860
4631,S36T07R03,822
4632,S36T07R04,881
4633,S36T07R05,968
4634,S36T08R01,736
4635,S36T08R02,737
4636,S36T08R03,756
4637,S36T08R04,740
4638,S36T09R01,572
4639,S36T09R02,653
4640,S36T09R03,680
4641,S36T09R04,614
4642,S36T09R05,788
4643,S36T10R01,628
4644,S36T10R02,622
4645,S36T10R03,695
4646,S36T10R04,660
4647,S36T10R05,800
4648,S36T11R01,2990
4649,S36T12R01,3059
4650,S36T13R01,463
4651,S36T13R02,477
4652,S36T13R04,395
4653,S36T13R05,496
4654,S36T14R01,392
4655,S36T14R02,330
4656,S36T14R03,337
4657,S36T14R04,330
4658,S36T14R05,457
4659,S36T15R01,408
4660,S36T15R02,441
4661,S36T15R03,380
4662,S36T15R04,390
4663,S36T15R05,478
4664,S36T16R01,596
4665,S36T16R02,482
4666,S36T16R03,487
4667,S36T16R04,447
4668,S36T16R05,573
4669,S36T17R01,3059
4670,S36T18R01,642
4671,S36T18R02,660
4672,S36T18R03,621
4673,S36T18R04,646
4674,S36T18R05,643
4675,S36T19R01,460
4676,S36T19R02,466
4677,S36T19R03,465
4678,S36T19R04,466
4679,S36T19R05,580
4680,S36T20R01,592
4681,S36T20R02,656
4682,S36T20R03,682
4683,S36T20R04,656
4684,S36T20R05,683
4685,S36T21R01,666
4686,S36T21R02,640
4687,S36T21R03,642
4688,S36T21R04,677
4689,S36T21R05,623
4690,S36T22R01,697
4691,S36T22R02,651
4692,S36T22R03,671
4693,S36T22R04,687
4694,S36T22R05,669
4695,S36T23R01,696
4696,S36T23R02,696
4697,S36T23R03,709
4698,S36T23R04,691
4699,S36T23R05,684
4700,S36T24R01,734
4701,S36T24R02,721
4702,S36T24R03,772
4703,S36T24R04,780
4704,S36T24R05,732
4705,S36T25R01,745
4706,S36T25R02,729
4707,S36T25R03,737
4708,S36T25R04,731
4709,S36T25R05,711
4710,S36T26R01,655
4711,S36T26R02,642
4712,S36T26R03,677
4713,S36T26R04,716
4714,S36T26R05,676
4715,S36T27R01,629
4716,S36T27R02,626
4717,S36T27R03,669
4718,S36T27R04,627
4719,S36T27R05,665
4720,S36T28R01,779
4721,S36T28R02,819
4722,S36T28R03,738
4723,S36T28R04,766
4724,S36T28R05,724
4725,S36T29R01,856
4726,S36T29R02,882
4727,S36T29R03,883
4728,S36T29R04,876
4729,S36T29R05,893
4730,S36T30R01,600
4731,S36T30R02,602
4732,S36T30R03,657
4733,S36T30R04,659
4734,S36T30R05,674
4735,S36T31R01,604
4736,S36T31R02,674
4737,S36T31R03,598
4738,S36T31R04,637
4739,S36T31R05,605
4740,S36T32R01,651
4741,S36T32R02,667
4742,S36T32R03,674
4743,S36T32R04,636
4744,S36T32R05,682
4745,S36T33R01,669
4746,S36T33R02,670
4747,S36T33R03,657
4748,S36T33R04,642
4749,S36T33R05,698
4750,S36T34R01,721
4751,S36T34R02,784
4752,S36T34R03,754
4753,S36T34R04,718
4754,S36T34R05,785
4755,S36T35R01,911
4756,S36T35R02,977
4757,S36T35R03,997
4758,S36T35R04,1024
4759,S36T35R05,1083
4760,S36T36R01,833
4761,S36T36R02,861
4762,S36T36R03,812
4763,S36T36R04,812
4764,S36T36R05,879
4765,S37T01R01,3024
4766,S37T02R01,500
4767,S37T02R02,535
4768,S37T02R03,457
4769,S37T02R04,482
4770,S37T02R05,581
4771,S37T03R01,290
4772,S37T03R02,363
4773,S37T03R03,362
4774,S37T03R04,375
4775,S37T04R01,232
4776,S37T04R02,284
4777,S37T04R03,279
4778,S37T04R04,270
4779,S37T04R05,265
4780,S37T05R02,645
4781,S37T05R03,594
4782,S37T05R04,577
4783,S37T05R05,681
4784,S37T06R01,1056
4785,S37T06R03,1067
4786,S37T06R04,1047
4787,S37T06R05,1127
4788,S37T07R02,832
4789,S37T07R03,939
4790,S37T07R04,890
4791,S37T07R05,699
4792,S37T08R01,764
4793,S37T08R02,838
4794,S37T08R03,816
4795,S37T08R04,770
4796,S37T08R05,798
4797,S37T09R01,663
4798,S37T09R02,725
4799,S37T09R03,732
4800,S37T09R04,736
4801,S37T09R05,764
4802,S37T10R01,551
4803,S37T10R02,618
4804,S37T10R03,646
4805,S37T10R04,600
4806,S37T11R01,2977
4807,S37T12R01,3002
4808,S37T13R01,436
4809,S37T13R02,440
4810,S37T14R01,360
4811,S37T14R02,381
4812,S37T14R03,340
4813,S37T14R04,390
4814,S37T14R05,470
4815,S37T15R01,295
4816,S37T15R02,360
4817,S37T15R03,346
4818,S37T15R04,339
4819,S37T15R05,404
4820,S37T16R01,449
4821,S37T16R02,477
4822,S37T16R03,454
4823,S37T16R04,506
4824,S37T16R05,580
4825,S37T17R01,2976
4826,S37T18R01,595
4827,S37T18R02,586
4828,S37T18R03,609
4829,S37T18R04,598
4830,S37T18R05,661
4831,S37T19R01,409
4832,S37T19R02,509
4833,S37T19R03,491
4834,S37T19R04,467
4835,S37T19R05,562
4836,S37T20R01,715
4837,S37T20R02,733
4838,S37T20R03,714
4839,S37T20R04,738
4840,S37T20R05,719
4841,S37T21R01,644
4842,S37T21R02,621
4843,S37T21R03,689
4844,S37T21R04,663
4845,S37T21R05,655
4846,S37T22R01,686
4847,S37T22R02,702
4848,S37T22R03,741
4849,S37T22R04,690
4850,S37T23R01,726
4851,S37T23R02,765
4852,S37T23R03,742
4853,S37T23R04,690
4854,S37T23R05,750
4855,S37T24R01,770
4856,S37T24R02,781
4857,S37T24R03,791
4858,S37T24R05,774
4859,S37T25R02,754
4860,S37T25R03,745
4861,S37T25R04,703
4862,S37T25R05,740
4863,S37T26R02,613
4864,S37T26R03,691
4865,S37T26R04,780
4866,S37T26R05,634
4867,S37T27R01,673
4868,S37T27R02,698
4869,S37T27R04,691
4870,S37T27R05,676
4871,S37T28R01,796
4872,S37T28R02,764
4873,S37T28R03,784
4874,S37T28R05,776
4875,S37T29R01,925
4876,S37T29R02,996
4877,S37T29R03,948
4878,S37T29R04,1141
4879,S37T29R05,948
4880,S37T30R01,663
4881,S37T30R02,666
4882,S37T30R03,650
4883,S37T30R04,649
4884,S37T30R05,634
4885,S37T31R01,567
4886,S37T31R02,611
4887,S37T31R03,600
4888,S37T31R05,516
4889,S37T32R01,621
4890,S37T32R02,642
4891,S37T32R03,641
4892,S37T32R04,658
4893,S37T32R05,659
4894,S37T33R01,645
4895,S37T33R02,680
4896,S37T33R03,676
4897,S37T33R04,693
4898,S37T33R05,679
4899,S37T34R01,752
4900,S37T34R02,752
4901,S37T34R03,773
4902,S37T34R04,764
4903,S37T34R05,741
4904,S37T35R01,1092
4905,S37T35R02,864
4906,S37T35R03,864
4907,S37T35R04,911
4908,S37T35R05,912
4909,S37T36R01,736
4910,S37T36R02,832
4911,S37T36R03,794
4912,S37T36R05,857
4913,S38T01R01,3064
4914,S38T02R01,560
4915,S38T02R02,622
4916,S38T02R03,531
4917,S38T02R04,491
4918,S38T02R05,531
4919,S38T03R01,328
4920,S38T03R02,396
4921,S38T03R03,391
4922,S38T03R04,380
4923,S38T03R05,468
4924,S38T04R01,269
4925,S38T04R02,252
4926,S38T04R03,261
4927,S38T04R04,242
4928,S38T04R05,310
4929,S38T05R01,631
4930,S38T05R02,718
4931,S38T05R03,710
4932,S38T05R04,727
4933,S38T05R05,807
4934,S38T06R01,1112
4935,S38T06R02,1202
4936,S38T06R03,1172
4937,S38T06R04,1146
4938,S38T06R05,1137
4939,S38T07R01,906
4940,S38T07R02,917
4941,S38T07R03,894
4942,S38T07R04,946
4943,S38T07R05,987
4944,S38T08R01,757
4945,S38T08R02,805
4946,S38T08R03,832
4947,S38T08R04,820
4948,S38T08R05,879
4949,S38T09R01,657
4950,S38T09R02,781
4951,S38T09R03,751
4952,S38T09R04,791
4953,S38T09R05,874
4954,S38T10R01,629
4955,S38T10R02,628
4956,S38T10R03,666
4957,S38T10R04,649
4958,S38T10R05,708
4959,S38T11R01,3082
4960,S38T12R01,3057
4961,S38T13R01,496
4962,S38T13R02,518
4963,S38T13R03,489
4964,S38T13R04,505
4965,S38T13R05,624
4966,S38T14R01,367
4967,S38T14R02,417
4968,S38T14R03,407
4969,S38T14R04,404
4970,S38T14R05,476
4971,S38T15R01,447
4972,S38T15R02,578
4973,S38T15R03,441
4974,S38T15R04,468
4975,S38T15R05,502
4976,S38T16R01,691
4977,S38T16R02,728
4978,S38T16R03,756
4979,S38T16R04,746
4980,S38T16R05,738
4981,S38T17R01,3059
4982,S38T18R01,679
4983,S38T18R02,720
4984,S38T18R03,644
4985,S38T18R04,655
4986,S38T18R05,728
4987,S38T19R01,479
4988,S38T19R02,510
4989,S38T19R03,558
4990,S38T19R04,594
4991,S38T19R05,671
4992,S38T20R01,752
4993,S38T20R02,743
4994,S38T20R03,737
4995,S38T20R04,696
4996,S38T20R05,715
4997,S38T21R01,661
4998,S38T21R02,699
4999,S38T21R03,711
5000,S38T21R04,643
5001,S38T21R05,705
5002,S38T22R01,741
5003,S38T22R02,734
5004,S38T22R03,781
5005,S38T22R04,767
5006,S38T22R05,718
5007,S38T23R01,824
5008,S38T23R02,783
5009,S38T23R03,802
5010,S38T23R04,790
5011,S38T23R05,826
5012,S38T24R01,754
5013,S38T24R02,831
5014,S38T24R03,786
5015,S38T24R04,783
5016,S38T24R05,828
5017,S38T25R01,719
5018,S38T25R02,726
5019,S38T25R03,763
5020,S38T25R04,731
5021,S38T25R05,767
5022,S38T26R01,763
5023,S38T26R02,751
5024,S38T26R03,793
5025,S38T26R04,787
5026,S38T26R05,793
5027,S38T27R01,725
5028,S38T27R02,786
5029,S38T27R03,751
5030,S38T27R04,792
5031,S38T27R05,729
5032,S38T28R01,920
5033,S38T28R02,797
5034,S38T28R03,890
5035,S38T28R04,903
5036,S38T28R05,819
5037,S38T29R01,927
5038,S38T29R02,907
5039,S38T29R03,913
5040,S38T29R04,887
5041,S38T30R01,822
5042,S38T30R02,696
5043,S38T30R03,824
5044,S38T30R04,854
5045,S38T30R05,856
5046,S38T31R01,734
5047,S38T31R02,790
5048,S38T31R03,703
5049,S38T31R04,759
5050,S38T31R05,764
5051,S38T32R01,782
5052,S38T32R02,757
5053,S38T32R03,736
5054,S38T32R04,737
5055,S38T32R05,730
5056,S38T33R01,762
5057,S38T33R02,707
5058,S38T33R03,703
5059,S38T33R04,712
5060,S38T33R05,712
5061,S38T34R01,886
5062,S38T34R02,785
5063,S38T34R03,818
5064,S38T34R04,858
5065,S38T34R05,840
5066,S38T35R01,1166
5067,S38T35R02,1105
5068,S38T35R03,1103
5069,S38T35R05,1170
5070,S38T36R01,736
5071,S38T36R02,755
5072,S38T36R03,764
5073,S38T36R04,772
5074,S38T36R05,820
